timestamp,user_id,event_type,ip_address,device,severity,correlation_id
2025-11-07 07:00:19.399349,user_9773,LOGIN_SUCCESS,192.168.71.164,iPhone,Low,799984
2025-11-11 06:02:19.400555,user_1258,TXN_ATTEMPT,192.168.5.32,Windows,Low,297034
2025-11-06 01:22:19.400572,user_4555,LOGIN_FAIL,192.168.69.213,Windows,Medium,507227
2025-11-10 10:08:19.400583,user_7586,LOGIN_FAIL,192.168.76.223,Mac,Medium,823926
2025-11-07 14:17:19.400593,user_6371,LOGIN_SUCCESS,192.168.10.42,Android,Low,271010
2025-11-11 16:07:19.400602,user_5329,SUSPICIOUS_ACTIVITY,192.168.93.115,iPhone,High,214111
2025-11-05 02:44:19.400612,user_8032,TXN_SUCCESS,192.168.130.164,Android,Low,703661
2025-11-09 20:16:19.400621,user_4289,TXN_ATTEMPT,192.168.102.178,iPhone,Low,221634
2025-11-11 13:34:19.400630,user_9850,LOGIN_SUCCESS,192.168.160.34,iPhone,Low,860451
2025-11-06 12:11:19.400639,user_9104,ACCOUNT_LOCKED,192.168.244.233,Android,Critical,577135
2025-11-07 17:14:19.400648,user_7893,LOGIN_FAIL,192.168.5.120,Android,Medium,383536
2025-11-08 10:19:19.400657,user_3363,LOGIN_FAIL,192.168.213.50,iPhone,Medium,570358
2025-11-10 21:31:19.400665,user_4126,LOGIN_FAIL,192.168.250.13,iPhone,Medium,865212
2025-11-09 12:02:19.400674,user_5848,LOGIN_FAIL,192.168.181.156,Windows,Medium,630418
2025-11-09 06:25:19.400683,user_6306,TXN_SUCCESS,192.168.5.150,Android,Low,794043
2025-11-08 21:51:19.400692,user_6520,TXN_ATTEMPT,192.168.44.65,Mac,Low,447858
2025-11-06 07:26:19.400703,user_6101,TXN_SUCCESS,192.168.39.251,Android,Low,294869
2025-11-10 08:10:19.400712,user_3630,TXN_SUCCESS,192.168.71.209,Android,Low,745541
2025-11-06 03:15:19.400721,user_7305,LOGIN_FAIL,192.168.194.59,Android,Medium,691421
2025-11-10 08:52:19.400729,user_1063,TXN_SUCCESS,192.168.80.253,Mac,Low,950747
2025-11-10 06:24:19.400738,user_1991,TXN_SUCCESS,192.168.139.93,Windows,Low,232978
2025-11-06 12:05:19.400746,user_5147,TXN_ATTEMPT,192.168.93.148,Mac,Low,895737
2025-11-07 01:29:19.400755,user_4118,ACCOUNT_LOCKED,192.168.212.93,Mac,Critical,947663
2025-11-11 12:28:19.400764,user_1440,SUSPICIOUS_ACTIVITY,192.168.157.4,Windows,High,289942
2025-11-08 03:11:19.400772,user_2086,SUSPICIOUS_ACTIVITY,192.168.117.180,Android,High,384276
2025-11-11 22:12:19.400783,user_3229,SUSPICIOUS_ACTIVITY,192.168.245.134,Android,High,137446
2025-11-07 07:17:19.400791,user_2949,TXN_ATTEMPT,192.168.250.101,Android,Low,168777
2025-11-06 13:24:19.400800,user_1423,ACCOUNT_LOCKED,192.168.243.107,iPhone,Critical,151128
2025-11-07 16:10:19.400809,user_3650,ACCOUNT_LOCKED,192.168.97.221,Windows,Critical,236912
2025-11-08 15:22:19.400818,user_5130,TXN_ATTEMPT,192.168.51.62,iPhone,Low,699474
2025-11-08 11:15:19.400826,user_6113,TXN_SUCCESS,192.168.35.115,Android,Low,751066
2025-11-06 17:36:19.400834,user_1427,TXN_SUCCESS,192.168.110.235,Android,Low,113887
2025-11-06 09:06:19.400843,user_2103,LOGIN_FAIL,192.168.232.131,Windows,Medium,981039
2025-11-10 01:30:19.400852,user_7558,ACCOUNT_LOCKED,192.168.164.85,Mac,Critical,389685
2025-11-09 21:08:19.400860,user_8264,TXN_SUCCESS,192.168.221.132,Android,Low,382388
2025-11-11 18:43:19.400868,user_3796,ACCOUNT_LOCKED,192.168.63.42,Windows,Critical,941779
2025-11-08 06:38:19.400877,user_3123,LOGIN_FAIL,192.168.48.42,Windows,Medium,978416
2025-11-09 01:36:19.400885,user_2525,TXN_SUCCESS,192.168.35.208,Windows,Low,453851
2025-11-07 20:30:19.400894,user_9993,TXN_SUCCESS,192.168.207.204,iPhone,Low,935107
2025-11-08 10:01:19.400903,user_8122,ACCOUNT_LOCKED,192.168.209.201,Mac,Critical,872024
2025-11-10 15:23:19.400911,user_6282,TXN_ATTEMPT,192.168.150.23,Mac,Low,396653
2025-11-11 14:49:19.400920,user_2145,TXN_ATTEMPT,192.168.22.148,iPhone,Low,580425
2025-11-05 07:56:19.400931,user_3082,TXN_ATTEMPT,192.168.44.30,Windows,Low,402781
2025-11-10 12:00:19.400939,user_9910,ACCOUNT_LOCKED,192.168.253.36,iPhone,Critical,842372
2025-11-08 15:09:19.400948,user_9616,TXN_ATTEMPT,192.168.135.200,iPhone,Low,245241
2025-11-09 03:22:19.400956,user_6190,TXN_SUCCESS,192.168.253.149,Windows,Low,725715
2025-11-10 08:42:19.400965,user_3340,LOGIN_FAIL,192.168.243.12,Android,Medium,330901
2025-11-10 07:16:19.400973,user_4313,TXN_ATTEMPT,192.168.112.219,iPhone,Low,534421
2025-11-07 20:38:19.400982,user_2421,ACCOUNT_LOCKED,192.168.141.36,Mac,Critical,697640
2025-11-05 09:09:19.400990,user_7593,ACCOUNT_LOCKED,192.168.216.13,Android,Critical,709134
2025-11-10 08:07:19.400999,user_9406,TXN_ATTEMPT,192.168.120.3,Windows,Low,341707
2025-11-08 02:07:19.401007,user_2335,LOGIN_FAIL,192.168.130.71,Windows,Medium,805676
2025-11-09 09:08:19.401016,user_9867,LOGIN_SUCCESS,192.168.124.24,Android,Low,330367
2025-11-10 06:37:19.401025,user_5603,TXN_SUCCESS,192.168.254.150,Mac,Low,512757
2025-11-07 19:23:19.401033,user_6093,TXN_ATTEMPT,192.168.169.247,Android,Low,812664
2025-11-07 09:10:19.401041,user_4957,LOGIN_SUCCESS,192.168.211.103,Mac,Low,296249
2025-11-08 18:49:19.401050,user_6812,SUSPICIOUS_ACTIVITY,192.168.118.75,Windows,High,902727
2025-11-07 00:34:19.401058,user_7636,LOGIN_SUCCESS,192.168.76.191,Windows,Low,622493
2025-11-09 02:13:19.401067,user_1438,ACCOUNT_LOCKED,192.168.147.29,Mac,Critical,865635
2025-11-09 12:44:19.401075,user_6703,LOGIN_FAIL,192.168.160.252,Android,Medium,658322
2025-11-08 02:43:19.401084,user_8793,LOGIN_FAIL,192.168.224.6,iPhone,Medium,803176
2025-11-09 21:24:19.401092,user_6295,LOGIN_FAIL,192.168.229.162,Mac,Medium,882279
2025-11-11 05:10:19.401101,user_9302,LOGIN_SUCCESS,192.168.39.77,Android,Low,779065
2025-11-07 17:24:19.401109,user_6364,ACCOUNT_LOCKED,192.168.226.233,Mac,Critical,646880
2025-11-11 13:05:19.401118,user_1607,LOGIN_FAIL,192.168.141.202,Windows,Medium,796804
2025-11-10 06:06:19.401127,user_2848,LOGIN_FAIL,192.168.171.229,Android,Medium,159472
2025-11-07 21:33:19.401135,user_2205,TXN_ATTEMPT,192.168.203.67,Android,Low,551729
2025-11-10 05:47:19.401143,user_7294,SUSPICIOUS_ACTIVITY,192.168.179.21,iPhone,High,212925
2025-11-05 20:51:19.401153,user_6805,SUSPICIOUS_ACTIVITY,192.168.248.26,Mac,High,802641
2025-11-08 11:19:19.401162,user_7598,TXN_ATTEMPT,192.168.136.253,Android,Low,173425
2025-11-09 05:18:19.401170,user_2789,TXN_SUCCESS,192.168.91.126,Windows,Low,879064
2025-11-06 19:01:19.401179,user_6594,LOGIN_FAIL,192.168.179.124,Android,Medium,258013
2025-11-06 23:41:19.401187,user_4548,LOGIN_FAIL,192.168.154.163,iPhone,Medium,804473
2025-11-06 23:20:19.401196,user_3010,SUSPICIOUS_ACTIVITY,192.168.87.51,Windows,High,344339
2025-11-07 08:59:19.401205,user_3668,TXN_ATTEMPT,192.168.142.105,Android,Low,992540
2025-11-05 06:12:19.401213,user_6579,ACCOUNT_LOCKED,192.168.134.34,Mac,Critical,316532
2025-11-11 06:00:19.401222,user_5827,TXN_ATTEMPT,192.168.162.237,iPhone,Low,643895
2025-11-05 02:59:19.401231,user_4649,TXN_SUCCESS,192.168.47.243,Android,Low,913924
2025-11-07 22:49:19.401239,user_6039,LOGIN_FAIL,192.168.246.229,Windows,Medium,242466
2025-11-07 13:31:19.401247,user_6073,TXN_ATTEMPT,192.168.144.109,Windows,Low,291071
2025-11-08 13:57:19.401256,user_5894,LOGIN_FAIL,192.168.38.0,iPhone,Medium,146910
2025-11-08 14:21:19.401265,user_1089,TXN_ATTEMPT,192.168.108.5,Mac,Low,186895
2025-11-11 14:31:19.401273,user_2957,SUSPICIOUS_ACTIVITY,192.168.209.204,Mac,High,346002
2025-11-07 05:47:19.401281,user_5687,ACCOUNT_LOCKED,192.168.204.64,Mac,Critical,241246
2025-11-08 10:01:19.401290,user_9839,LOGIN_SUCCESS,192.168.50.198,Windows,Low,736052
2025-11-08 12:32:19.401298,user_2095,LOGIN_SUCCESS,192.168.243.123,Mac,Low,588091
2025-11-07 02:46:19.401306,user_7149,SUSPICIOUS_ACTIVITY,192.168.103.155,Windows,High,711713
2025-11-11 18:34:19.401315,user_2034,TXN_ATTEMPT,192.168.7.53,Mac,Low,602393
2025-11-09 13:37:19.401323,user_2178,TXN_SUCCESS,192.168.76.147,Mac,Low,815883
2025-11-09 17:42:19.401331,user_8698,TXN_SUCCESS,192.168.157.157,Mac,Low,602200
2025-11-10 21:32:19.401339,user_5270,LOGIN_SUCCESS,192.168.84.53,Mac,Low,617530
2025-11-07 01:26:19.401348,user_2854,SUSPICIOUS_ACTIVITY,192.168.151.47,Mac,High,591889
2025-11-07 22:58:19.401356,user_5561,TXN_SUCCESS,192.168.48.162,Windows,Low,123038
2025-11-07 09:28:19.401365,user_2785,TXN_SUCCESS,192.168.162.48,Windows,Low,546432
2025-11-06 05:27:19.401375,user_1860,TXN_SUCCESS,192.168.22.247,iPhone,Low,407308
2025-11-07 05:19:19.401384,user_3326,SUSPICIOUS_ACTIVITY,192.168.16.55,Android,High,351984
2025-11-06 21:17:19.401392,user_7004,LOGIN_SUCCESS,192.168.246.136,Mac,Low,850155
2025-11-11 21:50:19.401400,user_5305,SUSPICIOUS_ACTIVITY,192.168.90.4,iPhone,High,385537
2025-11-05 11:33:19.401409,user_4497,TXN_ATTEMPT,192.168.206.238,iPhone,Low,531223
2025-11-11 06:51:19.401536,user_9085,SUSPICIOUS_ACTIVITY,192.168.242.53,Android,High,183006
2025-11-09 19:51:19.401546,user_9823,LOGIN_SUCCESS,192.168.150.96,iPhone,Low,443345
2025-11-11 17:01:19.401555,user_4674,LOGIN_FAIL,192.168.206.24,iPhone,Medium,625593
2025-11-09 17:48:19.401564,user_5994,LOGIN_SUCCESS,192.168.196.27,Android,Low,673950
2025-11-10 00:41:19.401573,user_7657,LOGIN_FAIL,192.168.182.155,Mac,Medium,584109
2025-11-09 14:24:19.401582,user_6436,LOGIN_SUCCESS,192.168.189.0,iPhone,Low,646171
2025-11-11 12:54:19.401590,user_6670,LOGIN_FAIL,192.168.31.187,Mac,Medium,387685
2025-11-10 19:16:19.401599,user_1259,LOGIN_SUCCESS,192.168.31.97,Mac,Low,390474
2025-11-10 10:34:19.401607,user_1681,LOGIN_FAIL,192.168.205.200,iPhone,Medium,470829
2025-11-09 17:34:19.401615,user_9569,ACCOUNT_LOCKED,192.168.244.83,iPhone,Critical,275498
2025-11-10 15:13:19.401630,user_7125,ACCOUNT_LOCKED,192.168.139.160,Android,Critical,832484
2025-11-08 05:59:19.401639,user_8741,LOGIN_SUCCESS,192.168.173.132,Windows,Low,822314
2025-11-06 01:28:19.401648,user_2576,SUSPICIOUS_ACTIVITY,192.168.114.42,Windows,High,490722
2025-11-10 02:38:19.401656,user_2013,ACCOUNT_LOCKED,192.168.154.0,Mac,Critical,902550
2025-11-11 17:18:19.401664,user_9836,ACCOUNT_LOCKED,192.168.90.219,Android,Critical,310104
2025-11-10 01:03:19.401673,user_9536,LOGIN_SUCCESS,192.168.173.19,Mac,Low,465498
2025-11-06 06:34:19.401681,user_9205,SUSPICIOUS_ACTIVITY,192.168.236.49,Android,High,277535
2025-11-06 05:33:19.401690,user_9164,LOGIN_SUCCESS,192.168.196.28,Windows,Low,695372
2025-11-11 03:02:19.401698,user_3240,TXN_ATTEMPT,192.168.25.170,Mac,Low,483570
2025-11-06 07:59:19.401706,user_4021,TXN_SUCCESS,192.168.253.114,iPhone,Low,815801
2025-11-11 20:12:19.401715,user_5548,ACCOUNT_LOCKED,192.168.38.205,Windows,Critical,570277
2025-11-10 17:52:19.401723,user_5388,TXN_SUCCESS,192.168.52.24,Windows,Low,856980
2025-11-05 04:55:19.401732,user_4936,TXN_SUCCESS,192.168.187.177,iPhone,Low,206522
2025-11-10 18:29:19.401740,user_9086,LOGIN_FAIL,192.168.231.45,Mac,Medium,229608
2025-11-06 04:41:19.401749,user_5132,SUSPICIOUS_ACTIVITY,192.168.52.3,Mac,High,468363
2025-11-08 20:40:19.401757,user_6388,ACCOUNT_LOCKED,192.168.154.151,Mac,Critical,349662
2025-11-07 16:33:19.401765,user_5545,TXN_SUCCESS,192.168.93.30,Mac,Low,775521
2025-11-05 12:26:19.401774,user_7664,SUSPICIOUS_ACTIVITY,192.168.234.3,iPhone,High,285457
2025-11-10 00:54:19.401782,user_7301,LOGIN_SUCCESS,192.168.233.76,Windows,Low,517502
2025-11-07 21:43:19.401790,user_9142,TXN_SUCCESS,192.168.150.55,Mac,Low,789502
2025-11-09 11:20:19.401799,user_7149,LOGIN_FAIL,192.168.186.243,Android,Medium,771476
2025-11-07 13:02:19.401807,user_2956,TXN_ATTEMPT,192.168.188.93,Android,Low,268072
2025-11-05 18:52:19.401815,user_9470,SUSPICIOUS_ACTIVITY,192.168.38.73,Mac,High,442775
2025-11-06 23:51:19.401824,user_2913,TXN_SUCCESS,192.168.237.32,Mac,Low,886013
2025-11-11 01:27:19.401832,user_3503,TXN_SUCCESS,192.168.84.207,Mac,Low,734411
2025-11-05 02:13:19.401841,user_7823,TXN_SUCCESS,192.168.56.72,Mac,Low,798180
2025-11-05 00:59:19.401849,user_2893,TXN_ATTEMPT,192.168.29.39,iPhone,Low,704990
2025-11-08 17:31:19.401858,user_8730,TXN_ATTEMPT,192.168.137.7,Mac,Low,940405
2025-11-10 06:59:19.401866,user_5986,TXN_ATTEMPT,192.168.232.84,Android,Low,593843
2025-11-06 10:11:19.401874,user_2285,SUSPICIOUS_ACTIVITY,192.168.68.164,iPhone,High,825154
2025-11-07 22:22:19.401883,user_8125,ACCOUNT_LOCKED,192.168.25.146,iPhone,Critical,595315
2025-11-09 04:34:19.401893,user_2855,TXN_ATTEMPT,192.168.181.59,iPhone,Low,395884
2025-11-09 09:51:19.401901,user_2943,LOGIN_FAIL,192.168.6.249,iPhone,Medium,994315
2025-11-05 18:13:19.401910,user_2204,LOGIN_SUCCESS,192.168.33.101,iPhone,Low,579497
2025-11-08 17:52:19.401918,user_4540,TXN_SUCCESS,192.168.132.195,Windows,Low,230580
2025-11-05 09:27:19.401926,user_3794,LOGIN_FAIL,192.168.14.187,Android,Medium,833889
2025-11-08 21:26:19.401935,user_9067,LOGIN_FAIL,192.168.156.237,Windows,Medium,421835
2025-11-07 14:43:19.401943,user_7180,TXN_SUCCESS,192.168.159.202,iPhone,Low,866824
2025-11-10 15:52:19.401952,user_7541,LOGIN_FAIL,192.168.176.230,Windows,Medium,487716
2025-11-05 08:35:19.401960,user_2969,TXN_ATTEMPT,192.168.204.56,Mac,Low,956938
2025-11-11 03:37:19.401968,user_5331,LOGIN_SUCCESS,192.168.47.212,iPhone,Low,374485
2025-11-10 07:46:19.401977,user_3309,ACCOUNT_LOCKED,192.168.66.97,Android,Critical,976584
2025-11-09 02:34:19.401985,user_7673,LOGIN_SUCCESS,192.168.119.89,Android,Low,325221
2025-11-06 02:41:19.401993,user_6172,SUSPICIOUS_ACTIVITY,192.168.184.23,Mac,High,563384
2025-11-09 23:28:19.402002,user_1820,TXN_ATTEMPT,192.168.107.245,iPhone,Low,869073
2025-11-09 23:54:19.402010,user_8113,SUSPICIOUS_ACTIVITY,192.168.43.163,iPhone,High,198574
2025-11-08 03:28:19.402018,user_3388,TXN_SUCCESS,192.168.255.196,Windows,Low,460866
2025-11-07 03:50:19.402027,user_1546,TXN_ATTEMPT,192.168.21.18,Mac,Low,725075
2025-11-06 11:07:19.402036,user_3110,SUSPICIOUS_ACTIVITY,192.168.236.230,Android,High,265109
2025-11-09 19:13:19.402044,user_6543,ACCOUNT_LOCKED,192.168.41.211,Windows,Critical,350014
2025-11-05 04:32:19.402052,user_7804,LOGIN_FAIL,192.168.183.47,Android,Medium,361088
2025-11-08 17:22:19.402061,user_8037,TXN_ATTEMPT,192.168.78.126,iPhone,Low,917085
2025-11-07 16:13:19.402069,user_6499,TXN_ATTEMPT,192.168.213.7,Android,Low,838399
2025-11-05 18:20:19.402077,user_1046,ACCOUNT_LOCKED,192.168.191.165,Mac,Critical,316408
2025-11-11 16:12:19.402085,user_7419,LOGIN_SUCCESS,192.168.105.130,iPhone,Low,434438
2025-11-09 20:05:19.402096,user_6313,SUSPICIOUS_ACTIVITY,192.168.26.28,Mac,High,911086
2025-11-05 16:55:19.402104,user_2849,TXN_SUCCESS,192.168.224.204,Windows,Low,173217
2025-11-11 15:06:19.402112,user_2940,LOGIN_FAIL,192.168.24.14,Android,Medium,973146
2025-11-07 01:10:19.402121,user_4909,ACCOUNT_LOCKED,192.168.243.45,Windows,Critical,390308
2025-11-09 06:29:19.402130,user_2604,SUSPICIOUS_ACTIVITY,192.168.11.151,iPhone,High,178677
2025-11-11 21:43:19.402138,user_5413,LOGIN_SUCCESS,192.168.182.229,Windows,Low,509917
2025-11-10 05:28:19.402146,user_4451,SUSPICIOUS_ACTIVITY,192.168.155.143,iPhone,High,539093
2025-11-06 15:18:19.402155,user_3688,ACCOUNT_LOCKED,192.168.201.94,Mac,Critical,153502
2025-11-11 11:57:19.402163,user_9587,ACCOUNT_LOCKED,192.168.57.74,Windows,Critical,236722
2025-11-05 19:45:19.402172,user_8018,TXN_SUCCESS,192.168.177.9,iPhone,Low,460311
2025-11-10 19:09:19.402180,user_5905,LOGIN_FAIL,192.168.52.30,iPhone,Medium,691123
2025-11-05 06:49:19.402188,user_2412,TXN_ATTEMPT,192.168.203.201,Windows,Low,179690
2025-11-05 18:23:19.402197,user_7081,SUSPICIOUS_ACTIVITY,192.168.157.166,Mac,High,762921
2025-11-06 16:58:19.402205,user_3770,ACCOUNT_LOCKED,192.168.36.11,Windows,Critical,570421
2025-11-09 08:46:19.402213,user_1004,LOGIN_FAIL,192.168.75.240,Android,Medium,776300
2025-11-10 18:46:19.402222,user_3099,TXN_ATTEMPT,192.168.84.103,iPhone,Low,798761
2025-11-10 19:28:19.402230,user_3832,TXN_SUCCESS,192.168.252.190,Mac,Low,674677
2025-11-08 04:44:19.402238,user_1462,SUSPICIOUS_ACTIVITY,192.168.217.35,Windows,High,668077
2025-11-11 20:47:19.402247,user_3389,LOGIN_SUCCESS,192.168.242.92,iPhone,Low,886627
2025-11-05 06:49:19.402255,user_2931,TXN_ATTEMPT,192.168.63.59,Android,Low,153172
2025-11-08 16:14:19.402264,user_6033,LOGIN_SUCCESS,192.168.148.193,iPhone,Low,973496
2025-11-08 13:05:19.402273,user_4795,SUSPICIOUS_ACTIVITY,192.168.232.63,Android,High,801966
2025-11-11 04:15:19.402282,user_3658,ACCOUNT_LOCKED,192.168.20.50,iPhone,Critical,936246
2025-11-11 17:50:19.402290,user_7113,TXN_SUCCESS,192.168.128.161,Android,Low,698372
2025-11-07 06:11:19.402299,user_5126,ACCOUNT_LOCKED,192.168.51.137,Mac,Critical,890540
2025-11-09 22:00:19.402307,user_9616,TXN_ATTEMPT,192.168.254.209,Windows,Low,724650
2025-11-08 09:29:19.402315,user_7088,LOGIN_FAIL,192.168.121.59,Android,Medium,786529
2025-11-09 03:40:19.402324,user_7693,TXN_SUCCESS,192.168.156.246,iPhone,Low,839372
2025-11-10 19:55:19.402332,user_6828,LOGIN_SUCCESS,192.168.211.202,iPhone,Low,166360
2025-11-05 06:03:19.402341,user_4340,LOGIN_SUCCESS,192.168.62.46,Mac,Low,555985
2025-11-09 10:24:19.402349,user_7586,SUSPICIOUS_ACTIVITY,192.168.51.212,Mac,High,757852
2025-11-11 03:03:19.402358,user_9693,TXN_ATTEMPT,192.168.14.36,Windows,Low,448481
2025-11-06 15:35:19.402366,user_6812,ACCOUNT_LOCKED,192.168.6.177,Mac,Critical,981057
2025-11-10 22:24:19.402374,user_2616,TXN_SUCCESS,192.168.190.113,Android,Low,557870
2025-11-10 05:03:19.402382,user_4872,TXN_SUCCESS,192.168.243.169,Mac,Low,756860
2025-11-05 01:37:19.402391,user_1099,ACCOUNT_LOCKED,192.168.155.11,Mac,Critical,601012
2025-11-06 07:41:19.402400,user_9769,ACCOUNT_LOCKED,192.168.139.202,Mac,Critical,986632
2025-11-07 22:46:19.402408,user_2798,SUSPICIOUS_ACTIVITY,192.168.231.139,Android,High,562786
2025-11-09 01:48:19.402417,user_2730,TXN_ATTEMPT,192.168.231.246,Mac,Low,234257
2025-11-05 09:20:19.402425,user_2795,LOGIN_SUCCESS,192.168.153.232,iPhone,Low,716833
2025-11-09 21:32:19.402434,user_6351,LOGIN_SUCCESS,192.168.38.5,Android,Low,978450
2025-11-05 20:39:19.402443,user_4542,ACCOUNT_LOCKED,192.168.209.60,Mac,Critical,286160
2025-11-10 05:08:19.402451,user_4579,SUSPICIOUS_ACTIVITY,192.168.225.196,Windows,High,555035
2025-11-06 21:16:19.402460,user_8707,ACCOUNT_LOCKED,192.168.148.33,Android,Critical,171334
2025-11-10 05:34:19.402468,user_1272,TXN_ATTEMPT,192.168.198.6,iPhone,Low,293518
2025-11-10 20:40:19.402476,user_2355,TXN_ATTEMPT,192.168.77.187,iPhone,Low,458661
2025-11-07 03:35:19.402485,user_8454,SUSPICIOUS_ACTIVITY,192.168.9.139,Windows,High,664227
2025-11-09 13:55:19.402494,user_7864,LOGIN_FAIL,192.168.157.68,iPhone,Medium,941040
2025-11-06 20:10:19.402503,user_2944,TXN_SUCCESS,192.168.79.100,Mac,Low,392609
2025-11-10 05:06:19.402511,user_7396,LOGIN_SUCCESS,192.168.168.161,iPhone,Low,670269
2025-11-05 17:43:19.402520,user_4375,LOGIN_FAIL,192.168.70.227,iPhone,Medium,575777
2025-11-05 10:51:19.402528,user_8573,LOGIN_FAIL,192.168.179.95,iPhone,Medium,945420
2025-11-11 03:39:19.402536,user_4553,SUSPICIOUS_ACTIVITY,192.168.33.180,Android,High,109597
2025-11-11 04:12:19.402545,user_6423,TXN_SUCCESS,192.168.58.223,Android,Low,668569
2025-11-10 07:27:19.402553,user_3265,TXN_SUCCESS,192.168.75.80,Windows,Low,458146
2025-11-11 18:39:19.402561,user_4622,ACCOUNT_LOCKED,192.168.210.228,Windows,Critical,177874
2025-11-05 07:56:19.402569,user_7044,TXN_ATTEMPT,192.168.78.168,Mac,Low,173362
2025-11-09 14:14:19.402578,user_8239,LOGIN_SUCCESS,192.168.159.67,Android,Low,285602
2025-11-07 05:25:19.402586,user_1568,LOGIN_SUCCESS,192.168.242.131,Mac,Low,704888
2025-11-08 05:48:19.402594,user_6584,TXN_SUCCESS,192.168.238.5,Mac,Low,586546
2025-11-06 13:17:19.402602,user_6924,SUSPICIOUS_ACTIVITY,192.168.194.156,Android,High,935487
2025-11-10 01:23:19.402611,user_4995,SUSPICIOUS_ACTIVITY,192.168.221.95,Windows,High,288384
2025-11-06 23:45:19.402619,user_8520,SUSPICIOUS_ACTIVITY,192.168.35.216,Android,High,869046
2025-11-07 15:52:19.402628,user_4032,LOGIN_FAIL,192.168.91.123,Mac,Medium,441125
2025-11-11 07:11:19.402637,user_3077,ACCOUNT_LOCKED,192.168.48.28,Windows,Critical,648592
2025-11-10 22:57:19.402645,user_9235,LOGIN_SUCCESS,192.168.236.234,Windows,Low,923204
2025-11-07 04:23:19.402653,user_8867,TXN_ATTEMPT,192.168.145.36,Android,Low,339672
2025-11-07 17:50:19.402662,user_8509,TXN_ATTEMPT,192.168.238.176,iPhone,Low,442917
2025-11-05 08:31:19.402670,user_6239,TXN_ATTEMPT,192.168.156.52,Windows,Low,327449
2025-11-07 06:09:19.402681,user_8371,LOGIN_FAIL,192.168.70.45,iPhone,Medium,815360
2025-11-07 17:56:19.402689,user_3995,LOGIN_SUCCESS,192.168.69.219,Windows,Low,790321
2025-11-08 17:47:19.402697,user_5009,ACCOUNT_LOCKED,192.168.208.43,Android,Critical,198712
2025-11-11 21:47:19.402706,user_7294,ACCOUNT_LOCKED,192.168.255.217,Android,Critical,646769
2025-11-07 06:09:19.402714,user_5121,LOGIN_FAIL,192.168.57.32,iPhone,Medium,289370
2025-11-10 09:00:19.402723,user_4223,TXN_ATTEMPT,192.168.111.250,Mac,Low,975019
2025-11-06 22:24:19.402731,user_6779,SUSPICIOUS_ACTIVITY,192.168.116.104,iPhone,High,227848
2025-11-09 16:37:19.402739,user_5882,TXN_SUCCESS,192.168.93.150,Mac,Low,675897
2025-11-07 12:56:19.402747,user_1829,LOGIN_SUCCESS,192.168.56.191,Windows,Low,690128
2025-11-05 17:51:19.402756,user_3976,ACCOUNT_LOCKED,192.168.225.142,Android,Critical,783292
2025-11-05 09:05:19.402764,user_8502,SUSPICIOUS_ACTIVITY,192.168.207.92,Windows,High,186749
2025-11-06 08:47:19.402772,user_4177,TXN_SUCCESS,192.168.153.231,iPhone,Low,402836
2025-11-10 01:30:19.402781,user_7456,LOGIN_SUCCESS,192.168.210.122,iPhone,Low,405532
2025-11-05 04:06:19.402789,user_1676,LOGIN_SUCCESS,192.168.148.146,Windows,Low,538792
2025-11-08 13:48:19.402797,user_8912,SUSPICIOUS_ACTIVITY,192.168.26.254,Mac,High,515801
2025-11-08 05:20:19.402806,user_6825,LOGIN_SUCCESS,192.168.1.154,iPhone,Low,785095
2025-11-07 14:30:19.402814,user_3421,ACCOUNT_LOCKED,192.168.187.134,iPhone,Critical,574046
2025-11-10 13:41:19.402823,user_3596,SUSPICIOUS_ACTIVITY,192.168.208.67,Mac,High,484866
2025-11-05 23:58:19.402831,user_2666,LOGIN_SUCCESS,192.168.159.107,Mac,Low,463549
2025-11-08 23:48:19.402839,user_5770,LOGIN_FAIL,192.168.169.127,Android,Medium,391376
2025-11-06 01:28:19.402847,user_6800,ACCOUNT_LOCKED,192.168.215.73,Android,Critical,692032
2025-11-06 14:17:19.402856,user_1858,TXN_SUCCESS,192.168.94.157,Windows,Low,794153
2025-11-07 21:45:19.402864,user_9267,LOGIN_SUCCESS,192.168.143.144,Mac,Low,982441
2025-11-07 10:20:19.402873,user_6822,ACCOUNT_LOCKED,192.168.222.59,Android,Critical,521554
2025-11-05 17:39:19.402881,user_8455,LOGIN_FAIL,192.168.136.4,iPhone,Medium,963504
2025-11-06 14:13:19.402890,user_9717,TXN_ATTEMPT,192.168.60.82,Android,Low,892033
2025-11-05 14:34:19.402899,user_7553,TXN_SUCCESS,192.168.128.246,Mac,Low,145082
2025-11-06 00:22:19.402907,user_1172,SUSPICIOUS_ACTIVITY,192.168.141.6,iPhone,High,615430
2025-11-08 00:05:19.402916,user_7436,LOGIN_SUCCESS,192.168.235.142,Android,Low,405474
2025-11-08 17:51:19.402925,user_7883,SUSPICIOUS_ACTIVITY,192.168.228.17,Windows,High,618496
2025-11-11 20:56:19.402935,user_4805,LOGIN_FAIL,192.168.67.192,Windows,Medium,215025
2025-11-06 04:39:19.402944,user_7669,ACCOUNT_LOCKED,192.168.224.105,iPhone,Critical,665962
2025-11-05 13:44:19.402953,user_5146,ACCOUNT_LOCKED,192.168.79.127,Android,Critical,219136
2025-11-08 15:28:19.402961,user_3910,TXN_ATTEMPT,192.168.56.203,Windows,Low,395255
2025-11-10 10:49:19.402970,user_6052,TXN_SUCCESS,192.168.6.43,Android,Low,786327
2025-11-08 00:14:19.402979,user_8208,SUSPICIOUS_ACTIVITY,192.168.133.129,iPhone,High,187979
2025-11-08 23:32:19.402988,user_9064,TXN_SUCCESS,192.168.77.224,Android,Low,858357
2025-11-06 05:56:19.402996,user_1537,TXN_SUCCESS,192.168.109.167,Android,Low,842415
2025-11-11 18:22:19.403005,user_9359,ACCOUNT_LOCKED,192.168.167.27,Android,Critical,478469
2025-11-05 20:44:19.403013,user_3803,TXN_SUCCESS,192.168.197.49,Mac,Low,679881
2025-11-06 22:16:19.403022,user_7815,LOGIN_FAIL,192.168.62.212,Android,Medium,318708
2025-11-11 16:30:19.403031,user_6919,TXN_ATTEMPT,192.168.65.15,Windows,Low,813907
2025-11-06 04:16:19.403039,user_3226,SUSPICIOUS_ACTIVITY,192.168.6.73,Windows,High,867970
2025-11-08 09:36:19.403048,user_8234,ACCOUNT_LOCKED,192.168.186.141,iPhone,Critical,137088
2025-11-09 08:44:19.403057,user_3154,LOGIN_SUCCESS,192.168.221.59,Mac,Low,821740
2025-11-06 06:42:19.403066,user_8924,LOGIN_SUCCESS,192.168.129.63,Windows,Low,729225
2025-11-07 11:33:19.403075,user_2051,LOGIN_SUCCESS,192.168.147.163,Android,Low,668106
2025-11-08 23:12:19.403084,user_7175,LOGIN_SUCCESS,192.168.121.169,Mac,Low,688718
2025-11-10 09:47:19.403092,user_2312,SUSPICIOUS_ACTIVITY,192.168.154.103,iPhone,High,192689
2025-11-09 15:26:19.403101,user_7338,SUSPICIOUS_ACTIVITY,192.168.151.15,Mac,High,785244
2025-11-11 08:12:19.403109,user_4757,TXN_SUCCESS,192.168.210.69,iPhone,Low,765453
2025-11-09 09:32:19.403119,user_6628,LOGIN_FAIL,192.168.211.135,Windows,Medium,982324
2025-11-08 12:51:19.403127,user_8139,LOGIN_FAIL,192.168.103.191,Android,Medium,477130
2025-11-08 05:02:19.403136,user_3713,ACCOUNT_LOCKED,192.168.227.156,Windows,Critical,198198
2025-11-08 19:56:19.403144,user_5079,LOGIN_SUCCESS,192.168.250.184,Android,Low,633492
2025-11-09 20:48:19.403152,user_6603,SUSPICIOUS_ACTIVITY,192.168.145.209,Mac,High,849605
2025-11-07 12:48:19.403163,user_4707,ACCOUNT_LOCKED,192.168.221.4,Windows,Critical,102792
2025-11-11 17:32:19.403171,user_8311,LOGIN_FAIL,192.168.221.252,Windows,Medium,322367
2025-11-07 05:58:19.403180,user_6343,LOGIN_SUCCESS,192.168.255.116,iPhone,Low,567122
2025-11-08 16:46:19.403188,user_7504,TXN_ATTEMPT,192.168.60.73,Windows,Low,320235
2025-11-11 00:27:19.403197,user_3680,LOGIN_SUCCESS,192.168.2.100,iPhone,Low,542986
2025-11-10 13:17:19.403206,user_1316,TXN_ATTEMPT,192.168.106.58,iPhone,Low,349442
2025-11-10 15:23:19.403215,user_2655,TXN_SUCCESS,192.168.172.131,Windows,Low,587068
2025-11-07 13:55:19.403223,user_8431,TXN_SUCCESS,192.168.211.8,Android,Low,306442
2025-11-09 03:32:19.403232,user_9791,LOGIN_SUCCESS,192.168.232.103,iPhone,Low,883468
2025-11-09 15:08:19.403241,user_8201,ACCOUNT_LOCKED,192.168.103.116,Mac,Critical,967497
2025-11-07 17:37:19.403249,user_6996,ACCOUNT_LOCKED,192.168.154.3,Windows,Critical,383639
2025-11-06 05:18:19.403258,user_9734,TXN_SUCCESS,192.168.47.157,iPhone,Low,688652
2025-11-10 02:41:19.403266,user_2229,LOGIN_SUCCESS,192.168.227.125,Windows,Low,186774
2025-11-10 06:37:19.403275,user_6871,LOGIN_SUCCESS,192.168.65.242,Windows,Low,194394
2025-11-10 05:12:19.403284,user_5708,TXN_ATTEMPT,192.168.112.31,Windows,Low,200319
2025-11-06 11:20:19.403292,user_1116,SUSPICIOUS_ACTIVITY,192.168.213.210,Android,High,475209
2025-11-11 09:03:19.403301,user_2931,LOGIN_SUCCESS,192.168.251.168,Mac,Low,235358
2025-11-11 04:19:19.403310,user_6382,TXN_SUCCESS,192.168.141.144,Mac,Low,418565
2025-11-09 20:10:19.403318,user_1655,LOGIN_SUCCESS,192.168.255.214,Android,Low,266386
2025-11-10 13:01:19.403326,user_6601,TXN_ATTEMPT,192.168.117.222,Mac,Low,120086
2025-11-11 13:45:19.403336,user_3276,LOGIN_FAIL,192.168.23.95,Mac,Medium,752671
2025-11-07 08:14:19.403344,user_5554,LOGIN_SUCCESS,192.168.80.209,Android,Low,306950
2025-11-05 13:04:19.403354,user_4211,SUSPICIOUS_ACTIVITY,192.168.49.151,Mac,High,338991
2025-11-05 10:02:19.403363,user_1106,TXN_ATTEMPT,192.168.70.50,Windows,Low,414583
2025-11-06 17:46:19.403372,user_1808,LOGIN_FAIL,192.168.0.127,Mac,Medium,538657
2025-11-11 02:18:19.403380,user_8842,TXN_SUCCESS,192.168.107.134,Android,Low,271364
2025-11-08 21:40:19.403389,user_4710,SUSPICIOUS_ACTIVITY,192.168.151.242,Windows,High,789238
2025-11-08 23:24:19.403398,user_6599,TXN_ATTEMPT,192.168.163.68,Android,Low,106034
2025-11-10 08:24:19.403406,user_5693,LOGIN_FAIL,192.168.139.118,Mac,Medium,955281
2025-11-07 13:50:19.403415,user_5863,TXN_ATTEMPT,192.168.108.181,iPhone,Low,255297
2025-11-10 12:49:19.403423,user_6078,SUSPICIOUS_ACTIVITY,192.168.37.235,Windows,High,973518
2025-11-07 04:00:19.403432,user_3492,LOGIN_FAIL,192.168.217.114,Mac,Medium,509012
2025-11-09 08:30:19.403441,user_3127,SUSPICIOUS_ACTIVITY,192.168.245.22,Windows,High,760179
2025-11-09 11:50:19.403449,user_5997,TXN_ATTEMPT,192.168.163.164,iPhone,Low,892925
2025-11-09 17:40:19.403457,user_5636,ACCOUNT_LOCKED,192.168.63.248,iPhone,Critical,369586
2025-11-09 16:47:19.403466,user_3081,TXN_SUCCESS,192.168.136.22,iPhone,Low,118602
2025-11-08 22:58:19.403474,user_7547,SUSPICIOUS_ACTIVITY,192.168.233.196,Mac,High,460004
2025-11-10 10:01:19.403482,user_4587,ACCOUNT_LOCKED,192.168.91.218,Windows,Critical,887978
2025-11-09 02:59:19.403491,user_2109,LOGIN_SUCCESS,192.168.245.25,Windows,Low,266336
2025-11-07 19:10:19.403499,user_8316,TXN_SUCCESS,192.168.246.202,Windows,Low,474065
2025-11-08 01:06:19.403508,user_7787,ACCOUNT_LOCKED,192.168.199.109,Mac,Critical,114293
2025-11-11 09:35:19.403516,user_5607,SUSPICIOUS_ACTIVITY,192.168.99.198,Windows,High,185951
2025-11-09 10:25:19.403524,user_8282,ACCOUNT_LOCKED,192.168.14.220,iPhone,Critical,920474
2025-11-07 02:12:19.403535,user_6138,TXN_SUCCESS,192.168.247.141,iPhone,Low,619437
2025-11-09 17:29:19.403544,user_8951,LOGIN_SUCCESS,192.168.24.252,Mac,Low,795147
2025-11-09 21:43:19.403552,user_6519,LOGIN_SUCCESS,192.168.1.246,Android,Low,383166
2025-11-07 02:36:19.403560,user_1150,LOGIN_SUCCESS,192.168.159.79,Mac,Low,137730
2025-11-06 20:52:19.403568,user_6494,LOGIN_SUCCESS,192.168.134.226,Mac,Low,776709
2025-11-06 17:24:19.403577,user_9318,LOGIN_SUCCESS,192.168.177.191,iPhone,Low,701417
2025-11-06 10:12:19.403585,user_6744,SUSPICIOUS_ACTIVITY,192.168.74.59,iPhone,High,575218
2025-11-05 15:43:19.403594,user_3986,SUSPICIOUS_ACTIVITY,192.168.70.57,iPhone,High,114840
2025-11-11 20:38:19.403602,user_1954,ACCOUNT_LOCKED,192.168.25.118,iPhone,Critical,466340
2025-11-11 22:26:19.403611,user_6909,LOGIN_SUCCESS,192.168.188.192,Windows,Low,848645
2025-11-09 19:03:19.403619,user_5391,ACCOUNT_LOCKED,192.168.245.216,Mac,Critical,963977
2025-11-09 05:56:19.403627,user_3161,LOGIN_SUCCESS,192.168.136.184,Android,Low,148100
2025-11-08 10:53:19.403635,user_2716,LOGIN_SUCCESS,192.168.88.216,iPhone,Low,375233
2025-11-06 11:28:19.403644,user_1498,LOGIN_SUCCESS,192.168.26.128,iPhone,Low,471673
2025-11-09 19:12:19.403652,user_5519,SUSPICIOUS_ACTIVITY,192.168.3.53,Android,High,932802
2025-11-09 07:33:19.403661,user_3237,SUSPICIOUS_ACTIVITY,192.168.204.177,Android,High,101275
2025-11-09 11:59:19.403669,user_5388,TXN_ATTEMPT,192.168.186.162,Mac,Low,293079
2025-11-08 08:38:19.403678,user_5852,LOGIN_SUCCESS,192.168.200.51,Mac,Low,425333
2025-11-10 05:19:19.403686,user_2849,ACCOUNT_LOCKED,192.168.245.48,Mac,Critical,679010
2025-11-05 01:10:19.403695,user_9507,LOGIN_FAIL,192.168.90.4,Android,Medium,809508
2025-11-08 08:16:19.403704,user_7745,SUSPICIOUS_ACTIVITY,192.168.20.114,Windows,High,260612
2025-11-08 05:51:19.403712,user_9769,SUSPICIOUS_ACTIVITY,192.168.103.228,Mac,High,416927
2025-11-06 19:45:19.403722,user_7519,ACCOUNT_LOCKED,192.168.52.11,iPhone,Critical,118788
2025-11-09 17:24:19.403731,user_3473,TXN_ATTEMPT,192.168.207.236,Mac,Low,149045
2025-11-08 05:22:19.403740,user_2362,TXN_ATTEMPT,192.168.15.51,iPhone,Low,226614
2025-11-09 02:57:19.403748,user_6444,ACCOUNT_LOCKED,192.168.65.61,Windows,Critical,860836
2025-11-10 15:46:19.403757,user_6639,TXN_SUCCESS,192.168.73.83,Windows,Low,924810
2025-11-11 04:03:19.403765,user_1519,TXN_ATTEMPT,192.168.212.28,Android,Low,659058
2025-11-10 23:40:19.403773,user_4589,LOGIN_FAIL,192.168.200.208,Windows,Medium,847187
2025-11-08 22:59:19.403783,user_8975,LOGIN_SUCCESS,192.168.219.113,Mac,Low,987121
2025-11-08 06:15:19.403791,user_9645,LOGIN_FAIL,192.168.60.226,iPhone,Medium,821522
2025-11-05 13:01:19.403799,user_7328,LOGIN_FAIL,192.168.150.94,Mac,Medium,440536
2025-11-05 01:25:19.403808,user_8966,SUSPICIOUS_ACTIVITY,192.168.38.212,Android,High,158776
2025-11-07 08:07:19.403816,user_4743,LOGIN_FAIL,192.168.190.184,Mac,Medium,658409
2025-11-09 03:05:19.403824,user_4957,SUSPICIOUS_ACTIVITY,192.168.145.190,Mac,High,673957
2025-11-05 12:54:19.403833,user_6394,SUSPICIOUS_ACTIVITY,192.168.44.59,Android,High,821726
2025-11-05 16:52:19.403841,user_7917,TXN_SUCCESS,192.168.85.136,Windows,Low,656489
2025-11-11 18:37:19.403850,user_1735,LOGIN_SUCCESS,192.168.225.127,Mac,Low,707493
2025-11-07 02:10:19.403858,user_1109,TXN_ATTEMPT,192.168.212.87,Windows,Low,742338
2025-11-05 16:17:19.403866,user_1384,TXN_SUCCESS,192.168.216.131,iPhone,Low,997837
2025-11-09 22:51:19.403874,user_9872,LOGIN_FAIL,192.168.24.180,iPhone,Medium,359144
2025-11-11 12:02:19.403883,user_1443,TXN_ATTEMPT,192.168.222.142,iPhone,Low,922006
2025-11-08 04:06:19.403891,user_1749,ACCOUNT_LOCKED,192.168.134.201,Mac,Critical,752283
2025-11-08 21:43:19.403899,user_2663,ACCOUNT_LOCKED,192.168.131.244,iPhone,Critical,839056
2025-11-05 13:38:19.403908,user_8986,ACCOUNT_LOCKED,192.168.215.225,Android,Critical,244010
2025-11-05 23:44:19.403916,user_5750,ACCOUNT_LOCKED,192.168.127.109,Mac,Critical,937482
2025-11-05 15:33:19.403924,user_8528,ACCOUNT_LOCKED,192.168.134.8,Android,Critical,916187
2025-11-11 07:57:19.403933,user_1749,SUSPICIOUS_ACTIVITY,192.168.81.119,Mac,High,956908
2025-11-10 19:56:19.403943,user_5584,TXN_SUCCESS,192.168.32.197,iPhone,Low,261474
2025-11-07 08:46:19.403952,user_2967,LOGIN_FAIL,192.168.233.254,Mac,Medium,945125
2025-11-11 10:27:19.403960,user_9087,LOGIN_SUCCESS,192.168.65.28,Android,Low,539703
2025-11-07 00:17:19.403969,user_4502,ACCOUNT_LOCKED,192.168.242.180,Windows,Critical,801536
2025-11-07 09:20:19.403977,user_3224,ACCOUNT_LOCKED,192.168.76.114,Windows,Critical,728402
2025-11-05 09:20:19.403986,user_7050,SUSPICIOUS_ACTIVITY,192.168.228.63,Mac,High,226362
2025-11-08 08:14:19.403994,user_9753,TXN_ATTEMPT,192.168.19.147,Mac,Low,271249
2025-11-07 11:18:19.404002,user_6098,LOGIN_FAIL,192.168.47.148,Windows,Medium,181425
2025-11-07 20:56:19.404011,user_1815,TXN_SUCCESS,192.168.251.125,iPhone,Low,632960
2025-11-09 20:06:19.404019,user_7289,LOGIN_SUCCESS,192.168.198.195,iPhone,Low,228047
2025-11-11 08:29:19.404027,user_7213,TXN_SUCCESS,192.168.3.142,iPhone,Low,470912
2025-11-11 15:38:19.404036,user_9241,LOGIN_SUCCESS,192.168.226.198,Mac,Low,503838
2025-11-08 10:55:19.404044,user_6194,LOGIN_SUCCESS,192.168.150.208,Android,Low,259662
2025-11-05 09:12:19.404052,user_9973,SUSPICIOUS_ACTIVITY,192.168.191.190,Mac,High,305606
2025-11-06 00:15:19.404061,user_9697,ACCOUNT_LOCKED,192.168.197.115,Mac,Critical,730840
2025-11-11 09:56:19.404069,user_9801,ACCOUNT_LOCKED,192.168.198.39,iPhone,Critical,635544
2025-11-08 14:07:19.404077,user_9777,TXN_ATTEMPT,192.168.83.178,Windows,Low,569348
2025-11-10 09:45:19.404085,user_9777,LOGIN_SUCCESS,192.168.47.40,Mac,Low,961278
2025-11-10 15:30:19.404094,user_5515,LOGIN_SUCCESS,192.168.199.66,Android,Low,588884
2025-11-07 23:25:19.404102,user_1753,LOGIN_FAIL,192.168.14.135,Android,Medium,198210
2025-11-05 05:54:19.404110,user_7878,ACCOUNT_LOCKED,192.168.81.222,Android,Critical,536853
2025-11-06 23:54:19.404118,user_9305,SUSPICIOUS_ACTIVITY,192.168.135.55,Windows,High,322090
2025-11-09 09:54:19.404126,user_8222,TXN_SUCCESS,192.168.232.240,Windows,Low,642510
2025-11-09 05:03:19.404134,user_2504,TXN_SUCCESS,192.168.90.226,iPhone,Low,287824
2025-11-06 04:03:19.404142,user_4771,TXN_SUCCESS,192.168.223.182,Android,Low,326827
2025-11-06 23:56:19.404151,user_3700,ACCOUNT_LOCKED,192.168.74.204,iPhone,Critical,108686
2025-11-07 09:09:19.404160,user_6174,TXN_SUCCESS,192.168.251.30,Windows,Low,270289
2025-11-08 03:43:19.404169,user_6569,ACCOUNT_LOCKED,192.168.159.44,Mac,Critical,265762
2025-11-09 22:15:19.404177,user_1450,LOGIN_SUCCESS,192.168.42.167,Android,Low,789645
2025-11-10 21:53:19.404186,user_3104,LOGIN_FAIL,192.168.29.164,Android,Medium,229332
2025-11-09 20:55:19.404194,user_6625,LOGIN_FAIL,192.168.6.38,iPhone,Medium,492732
2025-11-06 21:31:19.404202,user_7217,TXN_ATTEMPT,192.168.155.106,iPhone,Low,319172
2025-11-08 19:03:19.404210,user_6094,ACCOUNT_LOCKED,192.168.92.67,Mac,Critical,441584
2025-11-05 14:36:19.404219,user_8747,TXN_SUCCESS,192.168.169.226,Android,Low,996960
2025-11-09 17:59:19.404227,user_2431,LOGIN_FAIL,192.168.212.126,iPhone,Medium,328257
2025-11-08 06:51:19.404236,user_8951,ACCOUNT_LOCKED,192.168.115.112,Mac,Critical,991855
2025-11-10 09:59:19.404245,user_9448,TXN_ATTEMPT,192.168.113.239,Mac,Low,126830
2025-11-06 13:41:19.404253,user_7547,LOGIN_SUCCESS,192.168.228.7,Windows,Low,815578
2025-11-08 03:36:19.404262,user_4436,SUSPICIOUS_ACTIVITY,192.168.200.135,Windows,High,423332
2025-11-06 10:45:19.404270,user_5733,TXN_ATTEMPT,192.168.133.188,Windows,Low,848991
2025-11-05 04:45:19.404278,user_6029,TXN_ATTEMPT,192.168.211.57,Mac,Low,583506
2025-11-08 12:44:19.404286,user_8342,ACCOUNT_LOCKED,192.168.95.78,iPhone,Critical,693711
2025-11-07 03:51:19.404295,user_5355,ACCOUNT_LOCKED,192.168.230.32,Windows,Critical,678992
2025-11-11 09:18:19.404303,user_6845,ACCOUNT_LOCKED,192.168.59.7,Windows,Critical,605680
2025-11-11 09:43:19.404311,user_7952,TXN_ATTEMPT,192.168.71.16,Windows,Low,847538
2025-11-11 09:43:19.404320,user_8789,TXN_ATTEMPT,192.168.218.82,Android,Low,476507
2025-11-06 18:04:19.404328,user_2344,LOGIN_FAIL,192.168.191.205,Mac,Medium,809623
2025-11-11 10:33:19.404336,user_5484,LOGIN_FAIL,192.168.133.18,Android,Medium,290489
2025-11-09 12:21:19.404345,user_2172,SUSPICIOUS_ACTIVITY,192.168.230.193,iPhone,High,848391
2025-11-05 10:40:19.404353,user_6086,TXN_ATTEMPT,192.168.250.221,Android,Low,344309
2025-11-11 16:24:19.404362,user_9981,SUSPICIOUS_ACTIVITY,192.168.70.105,iPhone,High,501096
2025-11-07 15:54:19.404370,user_4716,LOGIN_FAIL,192.168.165.33,Mac,Medium,472330
2025-11-11 18:09:19.404380,user_6550,LOGIN_SUCCESS,192.168.133.227,Windows,Low,572261
2025-11-06 15:04:19.404389,user_6017,LOGIN_FAIL,192.168.168.2,Android,Medium,958105
2025-11-07 22:43:19.404397,user_2284,TXN_SUCCESS,192.168.80.169,Mac,Low,899936
2025-11-08 12:29:19.404405,user_4135,TXN_SUCCESS,192.168.88.195,iPhone,Low,854739
2025-11-09 16:15:19.404414,user_9563,ACCOUNT_LOCKED,192.168.46.117,Mac,Critical,313119
2025-11-10 16:23:19.404423,user_6142,TXN_SUCCESS,192.168.165.253,Windows,Low,172453
2025-11-07 00:58:19.404432,user_5324,TXN_ATTEMPT,192.168.170.209,iPhone,Low,914522
2025-11-11 01:16:19.404441,user_1327,LOGIN_FAIL,192.168.49.2,Mac,Medium,203913
2025-11-10 00:44:19.404449,user_2190,LOGIN_FAIL,192.168.119.114,Mac,Medium,665988
2025-11-07 08:14:19.404458,user_7500,LOGIN_FAIL,192.168.246.145,Windows,Medium,527427
2025-11-10 21:16:19.404467,user_1376,SUSPICIOUS_ACTIVITY,192.168.152.149,iPhone,High,827384
2025-11-07 02:33:19.404475,user_5835,TXN_SUCCESS,192.168.120.94,Windows,Low,837452
2025-11-10 10:23:19.404484,user_4119,SUSPICIOUS_ACTIVITY,192.168.198.104,iPhone,High,175789
2025-11-07 13:18:19.404493,user_9829,ACCOUNT_LOCKED,192.168.237.133,Windows,Critical,836268
2025-11-08 22:05:19.404502,user_7616,SUSPICIOUS_ACTIVITY,192.168.207.84,Android,High,855005
2025-11-07 14:49:19.404533,user_1400,TXN_ATTEMPT,192.168.122.227,Android,Low,659545
2025-11-11 14:15:19.404542,user_3626,SUSPICIOUS_ACTIVITY,192.168.61.18,Windows,High,388840
2025-11-08 10:26:19.404551,user_4400,LOGIN_FAIL,192.168.151.97,Android,Medium,959863
2025-11-06 01:40:19.404560,user_6170,TXN_SUCCESS,192.168.120.152,iPhone,Low,223121
2025-11-06 15:39:19.404568,user_8078,LOGIN_FAIL,192.168.118.62,Windows,Medium,891968
2025-11-10 02:41:19.404577,user_6063,ACCOUNT_LOCKED,192.168.66.252,Android,Critical,861374
2025-11-11 01:51:19.404585,user_1163,LOGIN_SUCCESS,192.168.147.170,iPhone,Low,842227
2025-11-07 03:50:19.404594,user_5232,SUSPICIOUS_ACTIVITY,192.168.37.239,Android,High,175496
2025-11-10 01:38:19.404602,user_8160,ACCOUNT_LOCKED,192.168.124.71,Windows,Critical,769325
2025-11-07 04:03:19.404611,user_5952,ACCOUNT_LOCKED,192.168.96.117,Android,Critical,234273
2025-11-08 16:05:19.404621,user_1618,LOGIN_SUCCESS,192.168.87.243,Android,Low,172171
2025-11-08 21:40:19.404630,user_3584,TXN_ATTEMPT,192.168.225.235,Android,Low,220581
2025-11-06 21:19:19.404639,user_7188,SUSPICIOUS_ACTIVITY,192.168.210.239,Windows,High,722935
2025-11-06 11:01:19.404648,user_2181,LOGIN_FAIL,192.168.134.195,Windows,Medium,952401
2025-11-07 01:17:19.404657,user_8779,ACCOUNT_LOCKED,192.168.138.133,Android,Critical,724825
2025-11-10 23:11:19.404665,user_8218,LOGIN_SUCCESS,192.168.147.210,Mac,Low,129991
2025-11-09 01:28:19.404675,user_7942,TXN_SUCCESS,192.168.209.177,Android,Low,777863
2025-11-09 10:20:19.404683,user_4805,LOGIN_FAIL,192.168.93.152,Mac,Medium,523363
2025-11-09 16:51:19.404692,user_1532,TXN_SUCCESS,192.168.203.58,Windows,Low,679471
2025-11-05 11:59:19.404700,user_5978,LOGIN_FAIL,192.168.83.93,iPhone,Medium,111013
2025-11-10 20:56:19.404708,user_3541,LOGIN_SUCCESS,192.168.82.93,Android,Low,782493
2025-11-10 21:48:19.404717,user_8552,ACCOUNT_LOCKED,192.168.68.247,Mac,Critical,576230
2025-11-09 04:24:19.404725,user_1337,SUSPICIOUS_ACTIVITY,192.168.231.140,iPhone,High,745376
2025-11-06 01:49:19.404734,user_3712,TXN_SUCCESS,192.168.243.117,iPhone,Low,254536
2025-11-11 01:33:19.404743,user_2401,LOGIN_FAIL,192.168.119.188,Mac,Medium,713244
2025-11-06 16:18:19.404751,user_5907,TXN_ATTEMPT,192.168.96.175,Mac,Low,812304
2025-11-11 08:07:19.404760,user_7419,ACCOUNT_LOCKED,192.168.75.222,Android,Critical,944155
2025-11-05 02:17:19.404769,user_3601,SUSPICIOUS_ACTIVITY,192.168.124.87,Windows,High,772756
2025-11-07 04:37:19.404778,user_8472,TXN_ATTEMPT,192.168.207.206,Windows,Low,917528
2025-11-07 12:55:19.404786,user_3447,ACCOUNT_LOCKED,192.168.57.91,Windows,Critical,112798
2025-11-07 02:20:19.404795,user_5204,TXN_SUCCESS,192.168.13.251,Mac,Low,236283
2025-11-05 19:10:19.404805,user_1421,ACCOUNT_LOCKED,192.168.59.250,Windows,Critical,242591
2025-11-06 12:11:19.404815,user_6286,TXN_SUCCESS,192.168.173.4,Android,Low,218178
2025-11-05 14:02:19.404824,user_2180,LOGIN_FAIL,192.168.195.213,Android,Medium,970666
2025-11-09 21:51:19.404832,user_9847,LOGIN_SUCCESS,192.168.36.8,Android,Low,392244
2025-11-05 22:57:19.404841,user_9981,LOGIN_SUCCESS,192.168.91.122,Mac,Low,850101
2025-11-07 13:23:19.404850,user_3876,LOGIN_SUCCESS,192.168.125.95,Android,Low,264373
2025-11-11 20:31:19.404858,user_2336,TXN_SUCCESS,192.168.183.137,Android,Low,454204
2025-11-07 05:51:19.404867,user_3762,TXN_ATTEMPT,192.168.13.148,Windows,Low,993454
2025-11-10 03:07:19.404876,user_2187,TXN_SUCCESS,192.168.229.165,iPhone,Low,241466
2025-11-10 00:55:19.404885,user_7205,SUSPICIOUS_ACTIVITY,192.168.110.10,Android,High,187497
2025-11-11 21:02:19.404893,user_4710,SUSPICIOUS_ACTIVITY,192.168.22.243,iPhone,High,824805
2025-11-09 01:33:19.404902,user_4509,LOGIN_FAIL,192.168.53.11,iPhone,Medium,221142
2025-11-08 21:38:19.404910,user_2661,LOGIN_SUCCESS,192.168.53.213,Android,Low,201686
2025-11-05 08:57:19.404919,user_3303,ACCOUNT_LOCKED,192.168.149.195,Mac,Critical,652558
2025-11-06 09:33:19.404928,user_1494,TXN_SUCCESS,192.168.8.1,iPhone,Low,757859
2025-11-05 14:14:19.404936,user_3217,TXN_SUCCESS,192.168.1.66,Windows,Low,638776
2025-11-05 21:16:19.404944,user_7753,ACCOUNT_LOCKED,192.168.22.215,Mac,Critical,729683
2025-11-11 12:43:19.404952,user_9707,LOGIN_FAIL,192.168.131.26,Android,Medium,973557
2025-11-08 21:45:19.404960,user_5261,ACCOUNT_LOCKED,192.168.140.200,Mac,Critical,330338
2025-11-10 08:43:19.404969,user_5097,TXN_SUCCESS,192.168.139.101,Android,Low,777410
2025-11-11 17:51:19.404977,user_6800,ACCOUNT_LOCKED,192.168.92.64,Mac,Critical,775824
2025-11-07 16:20:19.404986,user_2872,LOGIN_SUCCESS,192.168.91.94,iPhone,Low,555766
2025-11-09 01:57:19.404998,user_8947,TXN_SUCCESS,192.168.86.219,iPhone,Low,492370
2025-11-10 23:03:19.405006,user_9650,ACCOUNT_LOCKED,192.168.119.159,iPhone,Critical,410189
2025-11-09 01:53:19.405015,user_5336,SUSPICIOUS_ACTIVITY,192.168.15.4,Windows,High,837276
2025-11-05 00:45:19.405023,user_1534,ACCOUNT_LOCKED,192.168.169.123,Android,Critical,550816
2025-11-09 21:19:19.405031,user_5214,SUSPICIOUS_ACTIVITY,192.168.184.166,iPhone,High,182456
2025-11-05 16:14:19.405039,user_1516,LOGIN_FAIL,192.168.204.217,Android,Medium,101684
2025-11-06 09:44:19.405048,user_9147,TXN_ATTEMPT,192.168.244.16,Windows,Low,230954
2025-11-10 03:31:19.405056,user_3233,LOGIN_FAIL,192.168.67.123,iPhone,Medium,270063
2025-11-07 09:45:19.405064,user_5299,TXN_SUCCESS,192.168.185.27,Windows,Low,503682
2025-11-06 17:12:19.405072,user_9375,LOGIN_FAIL,192.168.163.5,Windows,Medium,338132
2025-11-10 01:36:19.405081,user_7663,LOGIN_FAIL,192.168.92.137,Mac,Medium,190117
2025-11-07 07:55:19.405089,user_1891,LOGIN_FAIL,192.168.142.125,Mac,Medium,730238
2025-11-07 15:32:19.405097,user_6085,SUSPICIOUS_ACTIVITY,192.168.17.239,Windows,High,667440
2025-11-09 00:59:19.405105,user_9731,LOGIN_FAIL,192.168.198.210,Windows,Medium,961281
2025-11-07 14:30:19.405113,user_1317,ACCOUNT_LOCKED,192.168.15.50,iPhone,Critical,384267
2025-11-11 17:06:19.405121,user_4840,ACCOUNT_LOCKED,192.168.121.3,Windows,Critical,530403
2025-11-07 04:01:19.405130,user_7869,TXN_ATTEMPT,192.168.233.160,Windows,Low,134521
2025-11-11 05:35:19.405138,user_1715,ACCOUNT_LOCKED,192.168.208.106,Mac,Critical,589295
2025-11-06 09:28:19.405146,user_1889,LOGIN_SUCCESS,192.168.197.164,Windows,Low,103061
2025-11-06 12:12:19.405155,user_9942,TXN_ATTEMPT,192.168.117.9,Windows,Low,191625
2025-11-07 19:17:19.405163,user_8719,TXN_ATTEMPT,192.168.174.66,iPhone,Low,861651
2025-11-09 07:11:19.405171,user_4932,TXN_SUCCESS,192.168.39.10,iPhone,Low,829999
2025-11-09 23:32:19.405179,user_1843,SUSPICIOUS_ACTIVITY,192.168.82.67,Windows,High,356170
2025-11-06 03:13:19.405189,user_5825,TXN_SUCCESS,192.168.196.128,Windows,Low,121880
2025-11-10 14:45:19.405197,user_3817,TXN_SUCCESS,192.168.74.101,iPhone,Low,851829
2025-11-08 19:02:19.405205,user_2343,LOGIN_SUCCESS,192.168.162.217,iPhone,Low,784003
2025-11-05 03:03:19.405213,user_9703,TXN_SUCCESS,192.168.64.252,Android,Low,884086
2025-11-05 22:30:19.405221,user_1773,TXN_ATTEMPT,192.168.14.155,Android,Low,916171
2025-11-11 00:16:19.405229,user_4012,TXN_SUCCESS,192.168.230.221,iPhone,Low,359440
2025-11-11 08:43:19.405237,user_1248,LOGIN_SUCCESS,192.168.94.62,iPhone,Low,547842
2025-11-10 10:48:19.405245,user_1663,TXN_SUCCESS,192.168.86.74,iPhone,Low,929444
2025-11-11 01:04:19.405254,user_9964,TXN_SUCCESS,192.168.91.183,Android,Low,484892
2025-11-05 07:57:19.405262,user_4293,ACCOUNT_LOCKED,192.168.37.86,Windows,Critical,979565
2025-11-05 06:46:19.405270,user_7146,TXN_ATTEMPT,192.168.7.248,Windows,Low,152175
2025-11-11 13:31:19.405278,user_7850,LOGIN_FAIL,192.168.233.236,Android,Medium,552007
2025-11-06 20:41:19.405286,user_4531,TXN_ATTEMPT,192.168.108.60,Windows,Low,497482
2025-11-07 00:57:19.405294,user_8991,TXN_SUCCESS,192.168.78.58,Mac,Low,769529
2025-11-07 01:17:19.405302,user_4992,TXN_SUCCESS,192.168.98.218,Windows,Low,254128
2025-11-09 05:22:19.405310,user_6040,TXN_SUCCESS,192.168.254.191,iPhone,Low,330420
2025-11-08 08:53:19.405319,user_6097,LOGIN_SUCCESS,192.168.115.20,Android,Low,660415
2025-11-10 12:48:19.405327,user_1516,LOGIN_SUCCESS,192.168.47.71,iPhone,Low,504305
2025-11-06 09:23:19.405335,user_7107,LOGIN_FAIL,192.168.187.39,iPhone,Medium,265752
2025-11-09 15:10:19.405344,user_7437,TXN_SUCCESS,192.168.141.107,iPhone,Low,973210
2025-11-11 12:07:19.405352,user_6304,TXN_ATTEMPT,192.168.69.69,iPhone,Low,762041
2025-11-07 22:37:19.405361,user_1629,LOGIN_SUCCESS,192.168.88.223,Mac,Low,845754
2025-11-10 19:14:19.405369,user_7545,SUSPICIOUS_ACTIVITY,192.168.168.158,Android,High,598295
2025-11-07 03:58:19.405377,user_6141,SUSPICIOUS_ACTIVITY,192.168.136.224,Windows,High,673571
2025-11-06 13:31:19.405386,user_4837,TXN_ATTEMPT,192.168.60.138,Android,Low,293107
2025-11-10 08:08:19.405395,user_3349,TXN_ATTEMPT,192.168.104.80,Windows,Low,217234
2025-11-08 20:50:19.405405,user_9768,TXN_SUCCESS,192.168.63.213,Windows,Low,372908
2025-11-11 01:08:19.405413,user_5955,SUSPICIOUS_ACTIVITY,192.168.81.190,Android,High,477720
2025-11-10 23:12:19.405421,user_8756,TXN_SUCCESS,192.168.198.43,iPhone,Low,744895
2025-11-08 14:07:19.405430,user_3910,TXN_ATTEMPT,192.168.255.151,Windows,Low,909783
2025-11-11 03:06:19.405438,user_3705,TXN_SUCCESS,192.168.83.3,iPhone,Low,174931
2025-11-10 21:23:19.405447,user_7448,TXN_ATTEMPT,192.168.61.118,Windows,Low,314711
2025-11-08 04:07:19.405456,user_7057,TXN_SUCCESS,192.168.86.85,iPhone,Low,459775
2025-11-06 08:28:19.405464,user_8109,LOGIN_FAIL,192.168.46.169,Android,Medium,965668
2025-11-07 06:24:19.405473,user_9558,LOGIN_FAIL,192.168.69.230,Windows,Medium,460582
2025-11-06 10:58:19.405481,user_7691,ACCOUNT_LOCKED,192.168.228.16,Windows,Critical,289443
2025-11-09 16:31:19.405490,user_8489,LOGIN_FAIL,192.168.253.137,Windows,Medium,401062
2025-11-05 19:03:19.405499,user_9863,TXN_SUCCESS,192.168.106.122,Windows,Low,242559
2025-11-07 22:12:19.405507,user_6969,LOGIN_SUCCESS,192.168.255.166,iPhone,Low,574037
2025-11-07 20:30:19.405516,user_5387,TXN_ATTEMPT,192.168.82.47,Windows,Low,661387
2025-11-07 20:42:19.405524,user_9001,SUSPICIOUS_ACTIVITY,192.168.162.25,Android,High,904802
2025-11-06 01:10:19.405532,user_2809,SUSPICIOUS_ACTIVITY,192.168.204.101,Mac,High,732997
2025-11-07 23:24:19.405541,user_4173,TXN_SUCCESS,192.168.204.102,iPhone,Low,301520
2025-11-07 19:59:19.405550,user_8107,LOGIN_SUCCESS,192.168.178.23,iPhone,Low,916487
2025-11-10 05:37:19.405558,user_2869,LOGIN_FAIL,192.168.213.35,Mac,Medium,950535
2025-11-09 14:43:19.405695,user_7050,LOGIN_SUCCESS,192.168.164.82,Windows,Low,559755
2025-11-10 16:24:19.405729,user_1370,LOGIN_SUCCESS,192.168.146.166,Mac,Low,923314
2025-11-11 21:34:19.405738,user_9169,ACCOUNT_LOCKED,192.168.207.158,iPhone,Critical,766249
2025-11-10 09:53:19.405747,user_2357,LOGIN_SUCCESS,192.168.187.20,Windows,Low,541658
2025-11-06 01:10:19.405755,user_3562,LOGIN_SUCCESS,192.168.34.240,iPhone,Low,136656
2025-11-11 00:55:19.405764,user_5821,ACCOUNT_LOCKED,192.168.169.67,Windows,Critical,554035
2025-11-09 14:04:19.405772,user_2765,LOGIN_SUCCESS,192.168.24.192,Windows,Low,742422
2025-11-07 13:34:19.405783,user_8787,TXN_ATTEMPT,192.168.4.161,iPhone,Low,159456
2025-11-10 18:17:19.405791,user_1800,TXN_SUCCESS,192.168.206.209,Mac,Low,797195
2025-11-10 21:21:19.405799,user_6655,TXN_SUCCESS,192.168.246.164,iPhone,Low,536660
2025-11-06 11:56:19.405808,user_6313,SUSPICIOUS_ACTIVITY,192.168.217.46,iPhone,High,501732
2025-11-05 09:19:19.405816,user_7938,ACCOUNT_LOCKED,192.168.139.4,Android,Critical,675399
2025-11-07 00:21:19.405824,user_1141,TXN_ATTEMPT,192.168.201.70,Windows,Low,892628
2025-11-10 20:44:19.405832,user_5044,SUSPICIOUS_ACTIVITY,192.168.182.95,Windows,High,890011
2025-11-09 05:11:19.405841,user_8034,TXN_SUCCESS,192.168.86.250,Windows,Low,794019
2025-11-07 04:28:19.405849,user_7766,TXN_SUCCESS,192.168.196.133,Windows,Low,277625
2025-11-11 01:45:19.405858,user_6426,TXN_ATTEMPT,192.168.59.76,iPhone,Low,536810
2025-11-11 17:54:19.405878,user_8251,ACCOUNT_LOCKED,192.168.14.73,iPhone,Critical,886688
2025-11-11 16:06:19.405904,user_9587,SUSPICIOUS_ACTIVITY,192.168.238.67,Android,High,108417
2025-11-07 09:00:19.405916,user_5532,SUSPICIOUS_ACTIVITY,192.168.124.130,iPhone,High,675391
2025-11-10 02:56:19.405925,user_9174,LOGIN_SUCCESS,192.168.191.63,Mac,Low,438319
2025-11-05 13:03:19.405935,user_7141,LOGIN_SUCCESS,192.168.184.200,Android,Low,374752
2025-11-10 17:50:19.405945,user_5617,SUSPICIOUS_ACTIVITY,192.168.132.29,Windows,High,970293
2025-11-05 23:07:19.405954,user_6600,TXN_SUCCESS,192.168.203.0,Mac,Low,869483
2025-11-10 08:30:19.405963,user_2167,LOGIN_SUCCESS,192.168.224.69,iPhone,Low,950917
2025-11-08 02:31:19.405979,user_6812,LOGIN_FAIL,192.168.76.178,Android,Medium,906858
2025-11-06 20:57:19.405989,user_7864,LOGIN_FAIL,192.168.206.118,iPhone,Medium,565590
2025-11-07 05:29:19.405998,user_1095,ACCOUNT_LOCKED,192.168.222.122,Mac,Critical,754697
2025-11-08 07:03:19.406007,user_3890,LOGIN_FAIL,192.168.105.122,Windows,Medium,785006
2025-11-07 22:08:19.406015,user_3097,TXN_SUCCESS,192.168.39.234,Mac,Low,573424
2025-11-10 02:50:19.406024,user_9854,SUSPICIOUS_ACTIVITY,192.168.58.90,iPhone,High,882746
2025-11-09 02:20:19.406033,user_9937,LOGIN_FAIL,192.168.127.196,Mac,Medium,951517
2025-11-06 18:36:19.406042,user_1897,LOGIN_FAIL,192.168.51.6,iPhone,Medium,333879
2025-11-06 06:05:19.406053,user_8113,SUSPICIOUS_ACTIVITY,192.168.86.127,Mac,High,753522
2025-11-06 09:23:19.406063,user_5154,TXN_ATTEMPT,192.168.76.53,Windows,Low,943578
2025-11-09 23:29:19.406073,user_4056,SUSPICIOUS_ACTIVITY,192.168.110.6,Mac,High,701651
2025-11-09 15:20:19.406082,user_5467,LOGIN_SUCCESS,192.168.63.107,iPhone,Low,225106
2025-11-08 13:17:19.406091,user_6695,ACCOUNT_LOCKED,192.168.106.205,Android,Critical,456511
2025-11-10 00:02:19.406101,user_5270,TXN_ATTEMPT,192.168.175.32,iPhone,Low,151598
2025-11-06 03:10:19.406110,user_9335,SUSPICIOUS_ACTIVITY,192.168.170.128,Android,High,525347
2025-11-08 12:42:19.406120,user_5982,TXN_ATTEMPT,192.168.254.200,iPhone,Low,904249
2025-11-07 18:33:19.406128,user_2716,SUSPICIOUS_ACTIVITY,192.168.246.235,Android,High,770653
2025-11-09 16:24:19.406137,user_9096,TXN_ATTEMPT,192.168.103.37,iPhone,Low,389872
2025-11-10 04:20:19.406146,user_5355,LOGIN_SUCCESS,192.168.183.17,Mac,Low,505140
2025-11-06 11:39:19.406156,user_6348,LOGIN_SUCCESS,192.168.232.223,Mac,Low,729047
2025-11-08 00:01:19.406164,user_5510,TXN_ATTEMPT,192.168.44.161,Android,Low,980860
2025-11-08 09:55:19.406173,user_4364,ACCOUNT_LOCKED,192.168.54.105,Android,Critical,253013
2025-11-05 23:14:19.406182,user_3104,ACCOUNT_LOCKED,192.168.145.124,iPhone,Critical,771060
2025-11-06 04:05:19.406191,user_7992,TXN_ATTEMPT,192.168.60.85,iPhone,Low,892299
2025-11-07 04:14:19.406200,user_4659,TXN_ATTEMPT,192.168.7.60,Android,Low,853244
2025-11-11 17:02:19.406208,user_3204,TXN_ATTEMPT,192.168.32.61,Android,Low,314728
2025-11-07 06:15:19.406217,user_2923,LOGIN_FAIL,192.168.243.94,Android,Medium,397831
2025-11-07 17:32:19.406226,user_8652,LOGIN_FAIL,192.168.108.254,Windows,Medium,143557
2025-11-08 09:07:19.406235,user_1304,LOGIN_SUCCESS,192.168.25.73,Mac,Low,738672
2025-11-10 10:19:19.406244,user_2971,TXN_SUCCESS,192.168.242.198,Mac,Low,758262
2025-11-08 06:20:19.406252,user_8989,LOGIN_FAIL,192.168.135.132,Windows,Medium,770605
2025-11-05 10:56:19.406261,user_7429,TXN_SUCCESS,192.168.89.73,Windows,Low,370135
2025-11-10 00:36:19.406270,user_3077,LOGIN_SUCCESS,192.168.219.169,Android,Low,836329
2025-11-08 06:14:19.406281,user_3521,LOGIN_SUCCESS,192.168.192.152,Mac,Low,291442
2025-11-07 17:08:19.406290,user_5065,ACCOUNT_LOCKED,192.168.82.155,Windows,Critical,781440
2025-11-08 13:52:19.406299,user_1272,ACCOUNT_LOCKED,192.168.152.38,iPhone,Critical,117244
2025-11-11 00:27:19.406307,user_7940,ACCOUNT_LOCKED,192.168.71.57,Android,Critical,177203
2025-11-07 23:08:19.406316,user_3610,TXN_ATTEMPT,192.168.26.60,Mac,Low,304629
2025-11-07 04:15:19.406324,user_3475,ACCOUNT_LOCKED,192.168.13.47,iPhone,Critical,513580
2025-11-09 12:09:19.406333,user_3103,TXN_SUCCESS,192.168.4.49,Mac,Low,890814
2025-11-07 21:37:19.406342,user_7704,TXN_ATTEMPT,192.168.197.32,iPhone,Low,992287
2025-11-07 03:32:19.406351,user_6183,LOGIN_SUCCESS,192.168.72.175,Mac,Low,756499
2025-11-09 13:49:19.406360,user_2526,SUSPICIOUS_ACTIVITY,192.168.27.118,iPhone,High,381552
2025-11-11 14:59:19.406369,user_3927,TXN_ATTEMPT,192.168.241.175,Windows,Low,655952
2025-11-05 20:53:19.406377,user_3858,LOGIN_SUCCESS,192.168.132.185,Mac,Low,532558
2025-11-10 11:33:19.406386,user_5654,ACCOUNT_LOCKED,192.168.20.138,Windows,Critical,475031
2025-11-08 23:21:19.406395,user_5201,LOGIN_FAIL,192.168.19.71,iPhone,Medium,485152
2025-11-11 23:19:19.406404,user_4209,LOGIN_FAIL,192.168.17.0,Mac,Medium,137428
2025-11-10 06:28:19.406413,user_8062,LOGIN_SUCCESS,192.168.54.225,Android,Low,893147
2025-11-06 23:15:19.406422,user_3799,TXN_ATTEMPT,192.168.87.122,iPhone,Low,834652
2025-11-08 10:09:19.406431,user_5539,ACCOUNT_LOCKED,192.168.155.100,iPhone,Critical,518020
2025-11-07 01:56:19.406439,user_8275,LOGIN_SUCCESS,192.168.221.97,Mac,Low,509070
2025-11-08 03:10:19.406448,user_2625,TXN_ATTEMPT,192.168.131.88,iPhone,Low,192286
2025-11-09 10:47:19.406457,user_5568,LOGIN_SUCCESS,192.168.138.217,Mac,Low,144400
2025-11-06 22:17:19.406468,user_1901,TXN_SUCCESS,192.168.8.165,iPhone,Low,476591
2025-11-09 14:59:19.406476,user_4546,LOGIN_FAIL,192.168.49.123,Android,Medium,982336
2025-11-09 07:23:19.406485,user_8544,TXN_ATTEMPT,192.168.226.23,Windows,Low,128654
2025-11-08 08:40:19.406494,user_2449,LOGIN_FAIL,192.168.227.118,Android,Medium,680589
2025-11-07 20:49:19.406503,user_4565,ACCOUNT_LOCKED,192.168.27.226,Android,Critical,480655
2025-11-10 07:05:19.406511,user_9777,ACCOUNT_LOCKED,192.168.234.179,iPhone,Critical,856286
2025-11-08 06:40:19.406520,user_8060,LOGIN_FAIL,192.168.116.170,Mac,Medium,649446
2025-11-09 03:52:19.406528,user_4747,LOGIN_FAIL,192.168.53.88,Mac,Medium,470394
2025-11-09 00:44:19.406537,user_2233,SUSPICIOUS_ACTIVITY,192.168.72.214,Mac,High,158914
2025-11-09 13:14:19.406545,user_4053,LOGIN_SUCCESS,192.168.251.3,iPhone,Low,700451
2025-11-10 08:27:19.406554,user_4464,LOGIN_SUCCESS,192.168.212.130,Android,Low,799166
2025-11-08 14:26:19.406562,user_9211,LOGIN_SUCCESS,192.168.161.208,Mac,Low,376904
2025-11-10 11:05:19.406571,user_7173,TXN_ATTEMPT,192.168.182.44,Windows,Low,968842
2025-11-08 00:59:19.406580,user_9320,LOGIN_SUCCESS,192.168.62.153,Windows,Low,913819
2025-11-08 01:10:19.406589,user_9113,TXN_SUCCESS,192.168.22.6,Windows,Low,603755
2025-11-05 20:14:19.406597,user_6237,ACCOUNT_LOCKED,192.168.55.38,Windows,Critical,268962
2025-11-10 03:42:19.406606,user_1797,LOGIN_SUCCESS,192.168.43.86,Windows,Low,157929
2025-11-11 20:27:19.406615,user_4928,ACCOUNT_LOCKED,192.168.115.33,Android,Critical,191654
2025-11-11 00:34:19.406624,user_1879,TXN_ATTEMPT,192.168.179.171,Windows,Low,492062
2025-11-05 09:36:19.406632,user_5376,TXN_SUCCESS,192.168.134.26,iPhone,Low,475602
2025-11-06 02:24:19.406641,user_7649,LOGIN_FAIL,192.168.9.153,Windows,Medium,650842
2025-11-11 04:40:19.406651,user_9505,LOGIN_FAIL,192.168.145.110,Mac,Medium,219159
2025-11-07 23:14:19.406660,user_2436,LOGIN_SUCCESS,192.168.181.237,Mac,Low,465705
2025-11-05 12:28:19.406668,user_8433,TXN_SUCCESS,192.168.194.254,iPhone,Low,287399
2025-11-11 22:30:19.406678,user_8275,TXN_ATTEMPT,192.168.202.137,Android,Low,967895
2025-11-08 23:12:19.406687,user_8656,TXN_SUCCESS,192.168.31.143,Windows,Low,104072
2025-11-08 09:04:19.406699,user_6894,LOGIN_FAIL,192.168.227.178,Android,Medium,981893
2025-11-07 20:40:19.406708,user_2066,ACCOUNT_LOCKED,192.168.218.33,Android,Critical,103663
2025-11-10 07:06:19.406716,user_5467,TXN_ATTEMPT,192.168.72.110,iPhone,Low,279134
2025-11-10 19:49:19.406725,user_8144,SUSPICIOUS_ACTIVITY,192.168.73.166,Android,High,534180
2025-11-09 20:20:19.406734,user_5040,TXN_ATTEMPT,192.168.217.171,iPhone,Low,717470
2025-11-11 17:04:19.406742,user_8216,ACCOUNT_LOCKED,192.168.181.200,Android,Critical,951563
2025-11-09 00:44:19.406751,user_5347,SUSPICIOUS_ACTIVITY,192.168.0.43,Android,High,639381
2025-11-07 08:15:19.406759,user_1164,LOGIN_SUCCESS,192.168.3.236,iPhone,Low,498930
2025-11-11 11:05:19.406768,user_8794,TXN_ATTEMPT,192.168.167.5,Mac,Low,483478
2025-11-11 11:08:19.406776,user_4708,SUSPICIOUS_ACTIVITY,192.168.65.150,Windows,High,112983
2025-11-07 20:27:19.406814,user_2209,SUSPICIOUS_ACTIVITY,192.168.98.101,Mac,High,804199
2025-11-05 17:12:19.406829,user_5462,TXN_SUCCESS,192.168.241.128,Mac,Low,736681
2025-11-06 10:32:19.406840,user_9336,TXN_ATTEMPT,192.168.226.251,Windows,Low,330211
2025-11-08 08:10:19.406850,user_1460,LOGIN_FAIL,192.168.58.21,Windows,Medium,562101
2025-11-10 07:31:19.406860,user_5054,LOGIN_SUCCESS,192.168.163.202,Windows,Low,497862
2025-11-11 00:43:19.406869,user_9408,ACCOUNT_LOCKED,192.168.17.211,Mac,Critical,516151
2025-11-05 09:55:19.406879,user_9660,SUSPICIOUS_ACTIVITY,192.168.29.79,iPhone,High,529724
2025-11-09 16:51:19.406888,user_6364,LOGIN_SUCCESS,192.168.118.84,Android,Low,348961
2025-11-08 14:42:19.406897,user_5913,ACCOUNT_LOCKED,192.168.183.100,Android,Critical,633672
2025-11-07 22:17:19.406905,user_3827,TXN_SUCCESS,192.168.198.80,Windows,Low,712636
2025-11-06 20:40:19.406923,user_2537,TXN_ATTEMPT,192.168.195.249,iPhone,Low,303769
2025-11-11 04:54:19.406933,user_3970,LOGIN_SUCCESS,192.168.242.54,Android,Low,398574
2025-11-07 14:39:19.406941,user_5185,LOGIN_FAIL,192.168.123.119,Android,Medium,407986
2025-11-07 09:43:19.406950,user_8323,LOGIN_FAIL,192.168.137.225,iPhone,Medium,537306
2025-11-10 02:28:19.406959,user_4633,TXN_SUCCESS,192.168.148.103,iPhone,Low,180659
2025-11-06 09:40:19.406978,user_9189,LOGIN_SUCCESS,192.168.36.26,iPhone,Low,450108
2025-11-08 20:54:19.406992,user_2984,ACCOUNT_LOCKED,192.168.107.12,iPhone,Critical,542115
2025-11-08 17:01:19.407001,user_3548,TXN_SUCCESS,192.168.107.238,Android,Low,675345
2025-11-05 19:52:19.407010,user_2642,LOGIN_FAIL,192.168.14.66,Windows,Medium,139566
2025-11-08 08:22:19.407018,user_9907,LOGIN_FAIL,192.168.104.180,Mac,Medium,997181
2025-11-07 08:20:19.407027,user_3272,SUSPICIOUS_ACTIVITY,192.168.223.108,Mac,High,296892
2025-11-11 05:26:19.407036,user_1856,TXN_ATTEMPT,192.168.145.245,Mac,Low,317282
2025-11-05 12:24:19.407045,user_4352,SUSPICIOUS_ACTIVITY,192.168.164.223,Android,High,262120
2025-11-08 03:48:19.407053,user_5490,TXN_ATTEMPT,192.168.3.26,Mac,Low,233878
2025-11-06 10:34:19.407062,user_3903,TXN_ATTEMPT,192.168.79.139,iPhone,Low,703676
2025-11-05 19:21:19.407071,user_4232,SUSPICIOUS_ACTIVITY,192.168.109.6,Android,High,879975
2025-11-05 21:43:19.407079,user_5104,SUSPICIOUS_ACTIVITY,192.168.37.40,Android,High,160913
2025-11-05 14:14:19.407089,user_1940,TXN_SUCCESS,192.168.81.85,Mac,Low,220244
2025-11-08 04:11:19.407097,user_4715,LOGIN_FAIL,192.168.116.226,Windows,Medium,189396
2025-11-06 12:58:19.407106,user_1916,TXN_ATTEMPT,192.168.223.192,iPhone,Low,540012
2025-11-09 17:39:19.407115,user_9332,TXN_SUCCESS,192.168.7.148,Android,Low,868863
2025-11-06 16:17:19.407123,user_8942,TXN_ATTEMPT,192.168.104.237,Android,Low,984569
2025-11-06 16:54:19.407132,user_5630,LOGIN_FAIL,192.168.18.218,iPhone,Medium,127357
2025-11-11 08:08:19.407140,user_3064,LOGIN_FAIL,192.168.233.42,iPhone,Medium,896478
2025-11-07 08:55:19.407149,user_7822,TXN_SUCCESS,192.168.72.9,Mac,Low,751929
2025-11-05 20:17:19.407158,user_9984,SUSPICIOUS_ACTIVITY,192.168.56.91,Mac,High,349093
2025-11-07 15:47:19.407166,user_4091,TXN_SUCCESS,192.168.144.123,iPhone,Low,768566
2025-11-07 14:46:19.407175,user_5875,LOGIN_FAIL,192.168.114.45,Android,Medium,668430
2025-11-06 14:20:19.407183,user_5358,ACCOUNT_LOCKED,192.168.205.41,Android,Critical,386275
2025-11-09 15:46:19.407192,user_8284,TXN_ATTEMPT,192.168.82.221,Windows,Low,431206
2025-11-09 07:43:19.407200,user_9235,LOGIN_FAIL,192.168.109.43,Mac,Medium,418962
2025-11-05 02:34:19.407209,user_4716,SUSPICIOUS_ACTIVITY,192.168.126.195,Mac,High,145779
2025-11-07 06:39:19.407220,user_3026,TXN_SUCCESS,192.168.110.151,Mac,Low,275920
2025-11-08 22:53:19.407229,user_5586,SUSPICIOUS_ACTIVITY,192.168.34.185,iPhone,High,624502
2025-11-05 05:54:19.407237,user_2875,ACCOUNT_LOCKED,192.168.71.206,iPhone,Critical,271966
2025-11-10 21:19:19.407246,user_4153,TXN_SUCCESS,192.168.100.77,Android,Low,619131
2025-11-05 02:59:19.407255,user_1883,LOGIN_FAIL,192.168.163.231,Android,Medium,536740
2025-11-10 23:29:19.407264,user_2270,LOGIN_FAIL,192.168.153.147,iPhone,Medium,666399
2025-11-06 17:10:19.407272,user_5162,TXN_ATTEMPT,192.168.243.51,Android,Low,400637
2025-11-08 05:54:19.407281,user_4306,LOGIN_FAIL,192.168.217.63,Windows,Medium,583104
2025-11-09 18:53:19.407290,user_2325,TXN_ATTEMPT,192.168.68.82,iPhone,Low,580202
2025-11-10 17:52:19.407299,user_9878,TXN_SUCCESS,192.168.89.59,Android,Low,101547
2025-11-08 17:45:19.407307,user_1395,SUSPICIOUS_ACTIVITY,192.168.236.107,Mac,High,648920
2025-11-05 07:23:19.407316,user_3876,LOGIN_SUCCESS,192.168.122.206,iPhone,Low,850469
2025-11-05 05:04:19.407325,user_3025,TXN_ATTEMPT,192.168.5.38,Mac,Low,634650
2025-11-05 17:46:19.407333,user_6238,TXN_ATTEMPT,192.168.188.172,iPhone,Low,188340
2025-11-09 18:56:19.407342,user_5067,LOGIN_FAIL,192.168.95.193,iPhone,Medium,654457
2025-11-05 21:09:19.407351,user_2638,SUSPICIOUS_ACTIVITY,192.168.211.51,Android,High,510613
2025-11-06 02:32:19.407359,user_9589,TXN_ATTEMPT,192.168.39.68,Windows,Low,397446
2025-11-08 00:50:19.407368,user_9392,TXN_SUCCESS,192.168.228.191,iPhone,Low,939764
2025-11-07 13:14:19.407376,user_6036,LOGIN_SUCCESS,192.168.136.25,Android,Low,369911
2025-11-09 19:59:19.407386,user_2477,SUSPICIOUS_ACTIVITY,192.168.108.191,iPhone,High,199754
2025-11-08 21:25:19.407395,user_2577,ACCOUNT_LOCKED,192.168.129.211,iPhone,Critical,197188
2025-11-10 18:40:19.407403,user_1490,LOGIN_FAIL,192.168.226.131,Mac,Medium,880772
2025-11-09 20:05:19.407412,user_8967,ACCOUNT_LOCKED,192.168.73.27,Mac,Critical,664838
2025-11-10 21:10:19.407420,user_2737,TXN_ATTEMPT,192.168.249.70,Android,Low,596638
2025-11-11 11:51:19.407429,user_7970,LOGIN_SUCCESS,192.168.189.203,Mac,Low,914105
2025-11-06 11:05:19.407438,user_2341,TXN_SUCCESS,192.168.43.7,Android,Low,888597
2025-11-11 03:54:19.407446,user_7710,SUSPICIOUS_ACTIVITY,192.168.19.76,Android,High,100600
2025-11-07 04:38:19.407455,user_1244,TXN_ATTEMPT,192.168.199.82,Android,Low,567869
2025-11-05 23:50:19.407463,user_9868,LOGIN_FAIL,192.168.32.120,iPhone,Medium,451221
2025-11-11 07:25:19.407472,user_4942,TXN_ATTEMPT,192.168.210.0,Windows,Low,966979
2025-11-07 18:52:19.407481,user_2579,TXN_SUCCESS,192.168.206.30,Windows,Low,674461
2025-11-09 19:21:19.407489,user_7265,SUSPICIOUS_ACTIVITY,192.168.144.69,iPhone,High,796193
2025-11-09 16:41:19.407498,user_8726,LOGIN_FAIL,192.168.197.125,Windows,Medium,586866
2025-11-05 09:43:19.407507,user_5811,SUSPICIOUS_ACTIVITY,192.168.251.238,Windows,High,559037
2025-11-05 20:56:19.407516,user_5118,LOGIN_FAIL,192.168.254.161,Android,Medium,466240
2025-11-08 08:40:19.407524,user_7503,SUSPICIOUS_ACTIVITY,192.168.27.109,Android,High,831504
2025-11-11 12:34:19.407539,user_5381,ACCOUNT_LOCKED,192.168.16.4,iPhone,Critical,949189
2025-11-06 02:10:19.407548,user_7073,TXN_ATTEMPT,192.168.42.86,Windows,Low,762842
2025-11-09 05:16:19.407557,user_6735,TXN_SUCCESS,192.168.143.234,Mac,Low,655476
2025-11-09 03:21:19.407565,user_5915,LOGIN_FAIL,192.168.74.123,iPhone,Medium,705005
2025-11-07 08:43:19.407574,user_9006,LOGIN_FAIL,192.168.39.2,Windows,Medium,533217
2025-11-06 23:30:19.407582,user_3234,TXN_SUCCESS,192.168.174.126,Windows,Low,591088
2025-11-10 20:21:19.407591,user_3444,TXN_SUCCESS,192.168.164.155,iPhone,Low,747892
2025-11-09 17:39:19.407600,user_8004,SUSPICIOUS_ACTIVITY,192.168.180.10,iPhone,High,272240
2025-11-08 11:57:19.407608,user_1080,LOGIN_SUCCESS,192.168.160.196,Android,Low,868718
2025-11-08 22:15:19.407619,user_7029,LOGIN_FAIL,192.168.69.192,Android,Medium,626731
2025-11-05 09:27:19.407628,user_2070,SUSPICIOUS_ACTIVITY,192.168.70.251,Windows,High,442736
2025-11-09 18:49:19.407637,user_7495,LOGIN_FAIL,192.168.94.146,Android,Medium,140995
2025-11-07 03:06:19.407645,user_3431,SUSPICIOUS_ACTIVITY,192.168.208.238,Mac,High,506947
2025-11-06 13:02:19.407654,user_4564,TXN_SUCCESS,192.168.82.84,Mac,Low,316212
2025-11-08 01:43:19.407662,user_6939,LOGIN_SUCCESS,192.168.88.86,iPhone,Low,953939
2025-11-11 07:30:19.407671,user_6391,LOGIN_SUCCESS,192.168.158.79,iPhone,Low,625261
2025-11-05 01:48:19.407679,user_8706,TXN_ATTEMPT,192.168.135.196,iPhone,Low,967466
2025-11-10 03:40:19.407687,user_1991,SUSPICIOUS_ACTIVITY,192.168.215.215,iPhone,High,483735
2025-11-08 19:36:19.407696,user_9946,TXN_SUCCESS,192.168.159.234,Windows,Low,774230
2025-11-07 12:36:19.407705,user_8626,LOGIN_SUCCESS,192.168.9.200,Windows,Low,590276
2025-11-09 14:15:19.407713,user_5815,LOGIN_SUCCESS,192.168.51.169,iPhone,Low,697487
2025-11-09 06:23:19.407721,user_3802,LOGIN_FAIL,192.168.36.21,Android,Medium,260746
2025-11-10 18:12:19.407729,user_1191,TXN_SUCCESS,192.168.43.68,iPhone,Low,351111
2025-11-10 21:07:19.407737,user_3610,ACCOUNT_LOCKED,192.168.136.91,Windows,Critical,418193
2025-11-06 03:16:19.407746,user_9583,LOGIN_SUCCESS,192.168.28.71,iPhone,Low,248553
2025-11-06 06:54:19.407754,user_9292,TXN_ATTEMPT,192.168.120.41,Mac,Low,561336
2025-11-07 04:41:19.407762,user_7550,LOGIN_FAIL,192.168.63.188,Android,Medium,626908
2025-11-11 09:12:19.407770,user_1302,ACCOUNT_LOCKED,192.168.91.252,Windows,Critical,173268
2025-11-11 09:42:19.407779,user_7933,TXN_ATTEMPT,192.168.110.25,iPhone,Low,433074
2025-11-09 18:00:19.407787,user_7657,ACCOUNT_LOCKED,192.168.169.119,Mac,Critical,234316
2025-11-10 05:24:19.407795,user_2375,LOGIN_FAIL,192.168.22.167,Mac,Medium,612770
2025-11-07 02:13:19.407803,user_3962,LOGIN_FAIL,192.168.6.52,Mac,Medium,971522
2025-11-09 02:21:19.407812,user_6353,LOGIN_FAIL,192.168.85.122,Mac,Medium,585886
2025-11-05 12:51:19.407822,user_2058,LOGIN_FAIL,192.168.196.252,Android,Medium,885900
2025-11-10 04:15:19.407862,user_8019,LOGIN_SUCCESS,192.168.16.138,Mac,Low,617923
2025-11-06 14:42:19.407871,user_1579,ACCOUNT_LOCKED,192.168.194.84,Android,Critical,855545
2025-11-11 17:14:19.407879,user_3013,LOGIN_FAIL,192.168.151.32,Android,Medium,281009
2025-11-07 07:57:19.407888,user_7359,TXN_SUCCESS,192.168.0.61,Android,Low,439629
2025-11-10 20:37:19.407896,user_1422,ACCOUNT_LOCKED,192.168.243.49,Mac,Critical,990892
2025-11-07 03:45:19.407905,user_3023,LOGIN_FAIL,192.168.73.119,Android,Medium,363932
2025-11-08 15:12:19.407913,user_2373,TXN_ATTEMPT,192.168.146.34,Windows,Low,321752
2025-11-05 21:38:19.407922,user_9897,LOGIN_FAIL,192.168.79.233,Windows,Medium,349808
2025-11-08 23:03:19.407930,user_2956,LOGIN_SUCCESS,192.168.145.242,iPhone,Low,840945
2025-11-09 13:24:19.407939,user_3160,SUSPICIOUS_ACTIVITY,192.168.129.128,Windows,High,426528
2025-11-07 17:21:19.407947,user_3445,TXN_SUCCESS,192.168.150.165,Android,Low,448155
2025-11-10 23:38:19.407955,user_2564,ACCOUNT_LOCKED,192.168.27.49,iPhone,Critical,624305
2025-11-06 14:32:19.407963,user_3227,LOGIN_FAIL,192.168.5.165,iPhone,Medium,495492
2025-11-11 04:32:19.407971,user_8433,SUSPICIOUS_ACTIVITY,192.168.114.49,Mac,High,190228
2025-11-09 06:53:19.407979,user_1827,ACCOUNT_LOCKED,192.168.119.142,Windows,Critical,479068
2025-11-06 00:42:19.407987,user_7256,LOGIN_FAIL,192.168.156.72,iPhone,Medium,659668
2025-11-05 18:45:19.407995,user_3558,LOGIN_SUCCESS,192.168.77.229,Mac,Low,180780
2025-11-07 01:28:19.408003,user_3743,TXN_ATTEMPT,192.168.190.58,Android,Low,117915
2025-11-08 19:57:19.408012,user_4324,SUSPICIOUS_ACTIVITY,192.168.92.149,Android,High,137236
2025-11-11 17:33:19.408020,user_1529,TXN_ATTEMPT,192.168.245.136,Windows,Low,864087
2025-11-11 05:41:19.408028,user_7402,TXN_SUCCESS,192.168.44.58,Mac,Low,822734
2025-11-10 18:00:19.408036,user_4999,TXN_ATTEMPT,192.168.78.214,iPhone,Low,546139
2025-11-11 18:41:19.408044,user_4154,LOGIN_SUCCESS,192.168.65.205,Mac,Low,959862
2025-11-10 18:14:19.408053,user_2230,ACCOUNT_LOCKED,192.168.200.233,Mac,Critical,924254
2025-11-10 04:21:19.408061,user_6252,LOGIN_FAIL,192.168.56.56,Mac,Medium,794857
2025-11-06 08:55:19.408069,user_2693,ACCOUNT_LOCKED,192.168.20.86,iPhone,Critical,388495
2025-11-08 20:29:19.408077,user_8164,SUSPICIOUS_ACTIVITY,192.168.76.198,Windows,High,371226
2025-11-11 06:46:19.408087,user_5340,TXN_SUCCESS,192.168.134.72,iPhone,Low,975304
2025-11-07 20:33:19.408096,user_7660,LOGIN_SUCCESS,192.168.4.30,iPhone,Low,645449
2025-11-07 08:02:19.408104,user_8546,LOGIN_FAIL,192.168.149.235,Mac,Medium,399850
2025-11-08 19:02:19.408112,user_7428,LOGIN_FAIL,192.168.149.189,Mac,Medium,238600
2025-11-05 15:52:19.408120,user_4243,LOGIN_FAIL,192.168.53.192,Android,Medium,724754
2025-11-10 07:09:19.408128,user_9469,LOGIN_SUCCESS,192.168.255.50,Mac,Low,695325
2025-11-06 15:32:19.408137,user_4119,LOGIN_FAIL,192.168.62.122,Windows,Medium,692182
2025-11-06 23:36:19.408145,user_5224,TXN_ATTEMPT,192.168.152.134,Mac,Low,405025
2025-11-10 12:24:19.408153,user_8636,LOGIN_FAIL,192.168.255.74,iPhone,Medium,446875
2025-11-09 21:49:19.408161,user_2630,TXN_SUCCESS,192.168.127.229,iPhone,Low,246701
2025-11-06 01:55:19.408170,user_2203,TXN_SUCCESS,192.168.145.215,Windows,Low,310302
2025-11-09 02:55:19.408178,user_9855,TXN_ATTEMPT,192.168.246.48,Android,Low,806170
2025-11-07 04:27:19.408186,user_1964,TXN_SUCCESS,192.168.120.250,iPhone,Low,841114
2025-11-05 07:46:19.408195,user_2320,TXN_SUCCESS,192.168.201.63,iPhone,Low,205898
2025-11-10 08:48:19.408203,user_1514,TXN_SUCCESS,192.168.10.227,Mac,Low,934407
2025-11-07 15:06:19.408211,user_8595,TXN_ATTEMPT,192.168.30.37,Android,Low,199140
2025-11-09 22:22:19.408220,user_1418,TXN_SUCCESS,192.168.199.225,Windows,Low,945983
2025-11-08 18:11:19.408228,user_3936,LOGIN_SUCCESS,192.168.183.110,iPhone,Low,167701
2025-11-11 14:12:19.408236,user_2747,SUSPICIOUS_ACTIVITY,192.168.128.245,Mac,High,817750
2025-11-05 17:15:19.408245,user_4700,LOGIN_SUCCESS,192.168.1.179,Windows,Low,252361
2025-11-08 13:07:19.408253,user_7709,SUSPICIOUS_ACTIVITY,192.168.23.148,Windows,High,346684
2025-11-11 16:25:19.408262,user_3363,SUSPICIOUS_ACTIVITY,192.168.52.72,Mac,High,742436
2025-11-09 05:45:19.408271,user_6468,TXN_SUCCESS,192.168.135.158,Mac,Low,627966
2025-11-10 08:25:19.408286,user_6820,LOGIN_SUCCESS,192.168.40.8,Android,Low,222205
2025-11-11 12:02:19.408317,user_6471,TXN_SUCCESS,192.168.32.140,Windows,Low,689467
2025-11-11 02:16:19.408329,user_2614,TXN_ATTEMPT,192.168.93.22,Mac,Low,356155
2025-11-11 03:26:19.408340,user_2569,LOGIN_SUCCESS,192.168.233.189,Android,Low,643663
2025-11-07 19:57:19.408348,user_4694,ACCOUNT_LOCKED,192.168.225.2,Mac,Critical,718258
2025-11-11 11:00:19.408370,user_7843,SUSPICIOUS_ACTIVITY,192.168.208.162,Android,High,556908
2025-11-11 12:14:19.408453,user_2993,LOGIN_FAIL,192.168.138.68,Android,Medium,431909
2025-11-08 18:19:19.408561,user_7127,TXN_SUCCESS,192.168.36.51,Windows,Low,567199
2025-11-08 02:46:19.408624,user_2647,LOGIN_FAIL,192.168.74.77,Android,Medium,502318
2025-11-06 12:15:19.408637,user_4589,SUSPICIOUS_ACTIVITY,192.168.121.108,Windows,High,685245
2025-11-07 14:03:19.408648,user_6340,LOGIN_SUCCESS,192.168.80.115,Mac,Low,819409
2025-11-08 02:36:19.408658,user_4851,LOGIN_FAIL,192.168.196.39,iPhone,Medium,141462
2025-11-11 08:04:19.408676,user_5880,LOGIN_FAIL,192.168.121.65,iPhone,Medium,101310
2025-11-09 04:53:19.408690,user_9558,SUSPICIOUS_ACTIVITY,192.168.111.157,Android,High,499148
2025-11-10 12:31:19.408736,user_7458,LOGIN_SUCCESS,192.168.175.38,Android,Low,105097
2025-11-11 07:01:19.408746,user_8785,LOGIN_FAIL,192.168.94.79,Mac,Medium,487280
2025-11-05 10:47:19.408759,user_1928,ACCOUNT_LOCKED,192.168.100.197,iPhone,Critical,544302
2025-11-10 01:16:19.408768,user_4088,ACCOUNT_LOCKED,192.168.114.118,iPhone,Critical,135144
2025-11-09 02:28:19.408777,user_9975,LOGIN_FAIL,192.168.147.140,Mac,Medium,724629
2025-11-10 22:15:19.408786,user_4025,ACCOUNT_LOCKED,192.168.231.197,Mac,Critical,296483
2025-11-07 14:28:19.408795,user_3837,ACCOUNT_LOCKED,192.168.244.183,Android,Critical,602129
2025-11-05 08:07:19.408804,user_2989,ACCOUNT_LOCKED,192.168.244.211,Windows,Critical,813099
2025-11-06 08:57:19.408812,user_7619,LOGIN_SUCCESS,192.168.67.34,Windows,Low,232258
2025-11-08 00:16:19.408821,user_3535,SUSPICIOUS_ACTIVITY,192.168.61.130,Android,High,755661
2025-11-07 09:04:19.408830,user_2974,TXN_SUCCESS,192.168.120.112,Android,Low,107167
2025-11-06 00:03:19.408839,user_7712,LOGIN_SUCCESS,192.168.20.67,Android,Low,220534
2025-11-08 02:36:19.408847,user_1863,LOGIN_FAIL,192.168.129.125,iPhone,Medium,356331
2025-11-09 21:16:19.408856,user_9511,ACCOUNT_LOCKED,192.168.14.58,Android,Critical,137108
2025-11-08 02:04:19.408864,user_4910,TXN_SUCCESS,192.168.135.7,Mac,Low,953959
2025-11-07 03:05:19.408873,user_2652,SUSPICIOUS_ACTIVITY,192.168.225.31,iPhone,High,971916
2025-11-09 06:41:19.408882,user_6276,TXN_SUCCESS,192.168.8.19,Windows,Low,936592
2025-11-10 21:31:19.408890,user_5528,SUSPICIOUS_ACTIVITY,192.168.176.230,Windows,High,759723
2025-11-08 13:00:19.408899,user_1215,LOGIN_SUCCESS,192.168.226.78,iPhone,Low,478430
2025-11-08 04:16:19.408907,user_8043,TXN_SUCCESS,192.168.128.64,Mac,Low,561602
2025-11-11 07:17:19.408916,user_3556,ACCOUNT_LOCKED,192.168.52.164,Windows,Critical,769175
2025-11-08 02:43:19.408925,user_7817,LOGIN_FAIL,192.168.61.42,iPhone,Medium,254078
2025-11-07 14:19:19.408934,user_5585,ACCOUNT_LOCKED,192.168.151.226,iPhone,Critical,380278
2025-11-11 04:39:19.408942,user_5299,TXN_ATTEMPT,192.168.159.176,Android,Low,488273
2025-11-10 20:36:19.408951,user_9552,LOGIN_FAIL,192.168.120.187,Windows,Medium,601792
2025-11-10 02:35:19.408960,user_1306,TXN_SUCCESS,192.168.60.0,Mac,Low,998808
2025-11-11 08:46:19.408969,user_5814,LOGIN_FAIL,192.168.250.191,Android,Medium,433493
2025-11-06 11:04:19.408978,user_3060,TXN_SUCCESS,192.168.236.185,iPhone,Low,800367
2025-11-11 13:13:19.408995,user_9886,TXN_SUCCESS,192.168.50.89,Mac,Low,537840
2025-11-10 07:42:19.409004,user_4306,TXN_SUCCESS,192.168.93.200,Mac,Low,673344
2025-11-08 17:37:19.409012,user_3476,LOGIN_FAIL,192.168.99.176,iPhone,Medium,229735
2025-11-05 15:14:19.409021,user_6931,ACCOUNT_LOCKED,192.168.32.195,Android,Critical,288832
2025-11-08 01:07:19.409029,user_3321,ACCOUNT_LOCKED,192.168.186.87,Mac,Critical,225705
2025-11-10 10:28:19.409038,user_3366,ACCOUNT_LOCKED,192.168.101.157,Windows,Critical,274387
2025-11-11 01:51:19.409046,user_8637,TXN_ATTEMPT,192.168.197.130,Windows,Low,388770
2025-11-05 22:42:19.409055,user_9834,LOGIN_FAIL,192.168.61.207,Mac,Medium,417464
2025-11-10 00:26:19.409063,user_6831,TXN_SUCCESS,192.168.83.167,Android,Low,264718
2025-11-05 03:47:19.409072,user_8017,TXN_SUCCESS,192.168.247.26,Windows,Low,378341
2025-11-10 21:20:19.409080,user_5275,LOGIN_SUCCESS,192.168.53.116,Mac,Low,111542
2025-11-09 08:13:19.409089,user_3599,SUSPICIOUS_ACTIVITY,192.168.29.168,Android,High,676045
2025-11-08 10:58:19.409097,user_2032,TXN_ATTEMPT,192.168.85.135,Windows,Low,348248
2025-11-09 16:40:19.409105,user_3159,SUSPICIOUS_ACTIVITY,192.168.33.169,Android,High,888933
2025-11-08 01:40:19.409114,user_6837,LOGIN_SUCCESS,192.168.169.94,Android,Low,554097
2025-11-08 04:40:19.409122,user_2904,LOGIN_SUCCESS,192.168.14.114,iPhone,Low,553734
2025-11-07 15:38:19.409130,user_6881,TXN_SUCCESS,192.168.139.6,Mac,Low,636080
2025-11-10 18:05:19.409139,user_6060,LOGIN_FAIL,192.168.129.33,Windows,Medium,635791
2025-11-05 05:50:19.409147,user_7225,LOGIN_FAIL,192.168.183.126,Mac,Medium,316771
2025-11-07 09:59:19.409156,user_6500,LOGIN_SUCCESS,192.168.134.233,Android,Low,235443
2025-11-10 17:39:19.409164,user_4914,LOGIN_FAIL,192.168.3.197,iPhone,Medium,104274
2025-11-09 14:21:19.409172,user_1887,ACCOUNT_LOCKED,192.168.118.158,iPhone,Critical,792258
2025-11-11 02:50:19.409181,user_2211,SUSPICIOUS_ACTIVITY,192.168.216.35,Android,High,939417
2025-11-11 14:10:19.409190,user_7547,SUSPICIOUS_ACTIVITY,192.168.72.62,Mac,High,935167
2025-11-10 12:52:19.409198,user_7464,TXN_SUCCESS,192.168.212.240,Mac,Low,299028
2025-11-09 06:25:19.409207,user_6993,LOGIN_FAIL,192.168.197.209,Mac,Medium,196506
2025-11-08 06:21:19.409215,user_6850,LOGIN_SUCCESS,192.168.12.240,Android,Low,529195
2025-11-11 01:10:19.409224,user_6103,SUSPICIOUS_ACTIVITY,192.168.66.160,Mac,High,900535
2025-11-10 10:24:19.409234,user_2000,LOGIN_SUCCESS,192.168.77.221,Mac,Low,946361
2025-11-09 12:35:19.409243,user_7932,ACCOUNT_LOCKED,192.168.34.27,Mac,Critical,763743
2025-11-10 06:16:19.409252,user_2543,TXN_ATTEMPT,192.168.74.57,Windows,Low,304055
2025-11-06 20:12:19.409260,user_5786,ACCOUNT_LOCKED,192.168.156.247,iPhone,Critical,244932
2025-11-08 21:08:19.409269,user_8704,TXN_SUCCESS,192.168.7.22,Mac,Low,963405
2025-11-06 21:22:19.409277,user_7776,TXN_ATTEMPT,192.168.22.190,Windows,Low,597549
2025-11-09 05:02:19.409286,user_2604,ACCOUNT_LOCKED,192.168.164.159,Windows,Critical,325739
2025-11-08 04:49:19.409294,user_8297,TXN_SUCCESS,192.168.103.51,iPhone,Low,770281
2025-11-10 07:33:19.409303,user_5099,LOGIN_SUCCESS,192.168.183.147,Mac,Low,596734
2025-11-06 04:26:19.409312,user_6118,ACCOUNT_LOCKED,192.168.145.210,Mac,Critical,221735
2025-11-06 15:52:19.409320,user_8682,LOGIN_SUCCESS,192.168.59.209,iPhone,Low,123102
2025-11-06 06:50:19.409329,user_9152,LOGIN_SUCCESS,192.168.199.214,Mac,Low,561297
2025-11-06 23:16:19.409337,user_2731,ACCOUNT_LOCKED,192.168.162.241,iPhone,Critical,420503
2025-11-11 20:12:19.409346,user_9272,LOGIN_SUCCESS,192.168.20.164,Mac,Low,101018
2025-11-11 02:12:19.409355,user_9690,LOGIN_FAIL,192.168.169.191,Android,Medium,649699
2025-11-09 23:41:19.409363,user_7290,SUSPICIOUS_ACTIVITY,192.168.88.224,Mac,High,990987
2025-11-08 17:00:19.409372,user_8007,LOGIN_SUCCESS,192.168.102.156,iPhone,Low,591109
2025-11-10 16:34:19.409381,user_4595,LOGIN_FAIL,192.168.245.120,Mac,Medium,334889
2025-11-06 19:38:19.409389,user_5801,TXN_ATTEMPT,192.168.241.188,iPhone,Low,608986
2025-11-05 10:14:19.409398,user_4900,TXN_ATTEMPT,192.168.21.120,iPhone,Low,320157
2025-11-05 09:24:19.409406,user_3016,SUSPICIOUS_ACTIVITY,192.168.106.105,Android,High,705021
2025-11-09 05:17:19.409415,user_8175,LOGIN_FAIL,192.168.223.82,iPhone,Medium,395647
2025-11-07 03:52:19.409423,user_8990,SUSPICIOUS_ACTIVITY,192.168.205.37,iPhone,High,976106
2025-11-11 05:55:19.409432,user_4742,TXN_SUCCESS,192.168.69.115,Windows,Low,939189
2025-11-10 13:43:19.409440,user_5996,SUSPICIOUS_ACTIVITY,192.168.107.6,Android,High,560799
2025-11-09 10:35:19.409449,user_5870,LOGIN_FAIL,192.168.3.150,Android,Medium,958792
2025-11-10 14:01:19.409459,user_5090,LOGIN_FAIL,192.168.110.42,iPhone,Medium,704900
2025-11-07 02:59:19.409468,user_7793,ACCOUNT_LOCKED,192.168.151.31,iPhone,Critical,669517
2025-11-06 05:05:19.409477,user_6270,ACCOUNT_LOCKED,192.168.163.13,Windows,Critical,987234
2025-11-10 22:26:19.409485,user_3015,SUSPICIOUS_ACTIVITY,192.168.73.25,Windows,High,739529
2025-11-11 02:58:19.409494,user_6466,SUSPICIOUS_ACTIVITY,192.168.166.92,Windows,High,469962
2025-11-11 01:22:19.409502,user_2765,TXN_ATTEMPT,192.168.177.43,Mac,Low,364866
2025-11-09 23:45:19.409511,user_4140,TXN_SUCCESS,192.168.254.3,Android,Low,847465
2025-11-08 11:14:19.409519,user_8179,ACCOUNT_LOCKED,192.168.42.84,Mac,Critical,973797
2025-11-09 16:18:19.409528,user_5664,LOGIN_SUCCESS,192.168.249.113,Android,Low,271696
2025-11-11 12:36:19.409536,user_9991,SUSPICIOUS_ACTIVITY,192.168.94.169,Android,High,378364
2025-11-05 18:10:19.409545,user_7130,TXN_ATTEMPT,192.168.178.3,Windows,Low,805753
2025-11-05 13:48:19.409553,user_8702,TXN_ATTEMPT,192.168.233.100,Windows,Low,350113
2025-11-09 22:28:19.409562,user_7404,TXN_ATTEMPT,192.168.187.169,Mac,Low,709413
2025-11-10 23:37:19.409570,user_9133,SUSPICIOUS_ACTIVITY,192.168.42.213,Mac,High,421167
2025-11-08 10:37:19.409579,user_3663,ACCOUNT_LOCKED,192.168.178.111,Mac,Critical,473097
2025-11-11 11:35:19.409587,user_4554,SUSPICIOUS_ACTIVITY,192.168.23.153,iPhone,High,887436
2025-11-07 19:25:19.409596,user_2997,ACCOUNT_LOCKED,192.168.2.201,Windows,Critical,635166
2025-11-05 03:13:19.409604,user_4150,TXN_ATTEMPT,192.168.60.190,Mac,Low,671998
2025-11-09 15:03:19.409613,user_9102,ACCOUNT_LOCKED,192.168.59.185,Windows,Critical,848076
2025-11-09 01:35:19.409621,user_5048,ACCOUNT_LOCKED,192.168.47.74,Mac,Critical,785973
2025-11-05 06:23:19.409630,user_8641,LOGIN_SUCCESS,192.168.175.199,Windows,Low,936683
2025-11-08 19:02:19.409639,user_1541,LOGIN_FAIL,192.168.182.121,Windows,Medium,671429
2025-11-09 03:03:19.409647,user_2271,TXN_SUCCESS,192.168.147.113,Android,Low,685319
2025-11-10 07:36:19.409656,user_1683,ACCOUNT_LOCKED,192.168.247.76,Mac,Critical,791748
2025-11-08 02:11:19.409666,user_4327,ACCOUNT_LOCKED,192.168.163.231,iPhone,Critical,727062
2025-11-09 19:19:19.409675,user_6558,TXN_SUCCESS,192.168.4.234,Android,Low,336178
2025-11-08 11:46:19.409684,user_5103,LOGIN_FAIL,192.168.153.61,Windows,Medium,522911
2025-11-11 05:02:19.409693,user_1723,SUSPICIOUS_ACTIVITY,192.168.186.101,Mac,High,878465
2025-11-06 17:53:19.409701,user_6189,ACCOUNT_LOCKED,192.168.57.217,Mac,Critical,899330
2025-11-11 19:14:19.409709,user_3300,LOGIN_SUCCESS,192.168.104.87,iPhone,Low,927602
2025-11-05 17:46:19.409718,user_7265,ACCOUNT_LOCKED,192.168.207.207,Android,Critical,766818
2025-11-05 11:43:19.409726,user_9418,LOGIN_SUCCESS,192.168.153.176,iPhone,Low,900100
2025-11-07 21:53:19.409739,user_2770,ACCOUNT_LOCKED,192.168.120.6,iPhone,Critical,938897
2025-11-06 09:53:19.409748,user_9965,TXN_SUCCESS,192.168.48.229,iPhone,Low,264220
2025-11-06 08:32:19.409756,user_1181,LOGIN_SUCCESS,192.168.43.46,iPhone,Low,478602
2025-11-06 14:35:19.409765,user_3759,TXN_ATTEMPT,192.168.238.142,Android,Low,326889
2025-11-10 04:20:19.409810,user_4263,SUSPICIOUS_ACTIVITY,192.168.76.236,Windows,High,383826
2025-11-10 04:21:19.409824,user_1433,ACCOUNT_LOCKED,192.168.103.6,Windows,Critical,211404
2025-11-05 09:59:19.409835,user_9155,TXN_SUCCESS,192.168.24.103,Android,Low,298199
2025-11-07 03:23:19.409844,user_3211,SUSPICIOUS_ACTIVITY,192.168.239.238,Android,High,865746
2025-11-07 10:34:19.409861,user_2639,TXN_ATTEMPT,192.168.168.71,Windows,Low,267327
2025-11-08 18:36:19.409875,user_3792,LOGIN_SUCCESS,192.168.170.110,Mac,Low,111849
2025-11-11 02:56:19.409887,user_2045,ACCOUNT_LOCKED,192.168.252.57,Windows,Critical,356235
2025-11-07 15:19:19.409896,user_4001,LOGIN_FAIL,192.168.51.129,Android,Medium,911201
2025-11-07 11:50:19.409905,user_9080,SUSPICIOUS_ACTIVITY,192.168.208.122,Windows,High,769987
2025-11-05 06:04:19.409913,user_2133,ACCOUNT_LOCKED,192.168.120.225,iPhone,Critical,754000
2025-11-11 22:00:19.409922,user_7520,ACCOUNT_LOCKED,192.168.51.206,Android,Critical,679533
2025-11-06 15:16:19.409930,user_1193,SUSPICIOUS_ACTIVITY,192.168.53.230,Windows,High,803965
2025-11-11 12:28:19.409938,user_3713,LOGIN_SUCCESS,192.168.241.177,Mac,Low,280801
2025-11-10 18:42:19.409947,user_3677,TXN_SUCCESS,192.168.180.98,Windows,Low,668730
2025-11-09 18:20:19.409956,user_2589,TXN_ATTEMPT,192.168.214.172,Android,Low,722160
2025-11-10 01:07:19.409965,user_8781,SUSPICIOUS_ACTIVITY,192.168.127.183,Mac,High,452388
2025-11-07 17:11:19.409974,user_5616,TXN_ATTEMPT,192.168.33.233,Windows,Low,502923
2025-11-07 17:14:19.409982,user_5542,TXN_SUCCESS,192.168.147.11,iPhone,Low,330033
2025-11-09 11:31:19.409991,user_9911,LOGIN_FAIL,192.168.36.132,Windows,Medium,214755
2025-11-07 07:31:19.410000,user_7719,ACCOUNT_LOCKED,192.168.157.247,iPhone,Critical,548616
2025-11-06 22:02:19.410008,user_7564,TXN_ATTEMPT,192.168.43.0,iPhone,Low,456324
2025-11-11 20:39:19.410016,user_6435,ACCOUNT_LOCKED,192.168.36.111,Android,Critical,312463
2025-11-08 00:15:19.410025,user_9948,SUSPICIOUS_ACTIVITY,192.168.193.11,iPhone,High,903811
